{"file_hashes":[{"block_hashes":["kbtUjobPXHT2aFmRHYKAg7Jsxqf/lKhk+gTqZ6kB4jI=","wX5fjPSpkfH6YK3v3JezJV5CZFS7kflvWqlAZBwodlE=","ZQ5pWIQKfkdWZlylJBMQCKTw9qyLs2HuHOo2NLeyNAo=","SUNzotDTS1lO1CMHxU/mQcHZtazgqANeXXckr8v/YEs=","FVoLzllR0u8+sFZZL4ESh9U+dkR4OBzoYIP+Ey/wKg8=","Jh2Gfbh2ijhDqrLWDtsfiXPwkohmc0unjHtveZp64zQ=","1SjphbtxoCabfU8hQCCHom2AqLA8vA226ORk1lBzDDE=","qar5CEEa8Z5LCkJFwM0cvhKA+bWg4M3swBbL/URQ/XQ=","lR0P1rAF5DNhU1Ifvrd0tdCu0xREZMaU61hmEPR7S+0=","VJFh/UuxeI5eNXMuqAZLTFeeea7bOEt/ViOhoZJDVq8=","j47G0+rYmCpfJU84wNRQZSBBLO0TNytAYKhs4NVwIPQ=","3RZgZmld8P8ItpvlfBToni2sfLCEwaxxM3OnYnj4GmQ="],"block_size":4096,"path":"_locales/be/messages.json"},{"block_hashes":["96Rh28sZbtRguAGCrw9HbGQpEeLfA8beMIVADSLgIo4=","92epYTYT9gFlQHKKxzSs6WQcueJH4axE4NlqPjzF7Co=","A7bxyY5QlAIutndZIEtIf7BWACT/psyHSZg+1iT3nBo=","0FQvxjgW1ldCVO+bwPBWMEZgOVbcLS0vQccpEZDst/Q=","bnmV7xPWT1+P0AK8dECAfeQX8qhFk/C1BgouIAfYg6E=","/+cdkoXlG5iTpl6mYoiL77bWN3i5bBBdrlWoI1K7nDA=","y1slm5MPrdVmOC9FsHAEEPXeDVkARTQdO3vxpsAxa1E=","y53mTm3ndwPUeBW2kjQfGCkupfE4AW7WoodEg5X3ihE=","deDzUvuNgEujpSocVwCg/vyZKlO/Zz/+rf3eyYFa7i8=","nYr48Yerfr5JeXbg6sxxdzVET56pfNQ5bc/56Aechqc=","M+dUaTnTiJsmHrDRUry+OCyAMpxgJ4bCUPcV5kmFAY4=","7zZ6W4kCNvgprQbPCfp17hiztp2nWluQXx1EJTAQu4E=","ZLcuav+QWntckA2Azmk6GhdwxD5IiR9TYKHCpgnRft4=","9HskxyUXOZL8zxd8A4wiKos0zsrGscPKv/tIpUCruZQ=","uq4OoqOKK/lHPkMdgvtI+p2Yw2CqEB9dRzMLzOun7xA="],"block_size":4096,"path":"_locales/mk/messages.json"},{"block_hashes":["1DvT7NPHiq8E4M+RWTAMsjLUhpKUHeRTRyu1YBYyXzM="],"block_size":4096,"path":"action.html"},{"block_hashes":["XkqPbEzWWOz5EqpqVSIe4JtbD09GbD17IzzLWlsePdY="],"block_size":4096,"path":"ask.html"},{"block_hashes":["tqVRFUenBlfgezxWnQqyH1EgoZg7Mvw5WNVu3FVCcUM="],"block_size":4096,"path":"background.html"},{"block_hashes":["x998VCTgqnuhd4BULBaGo0PlY5Kskamkibd5dCXubIc=","yDiiaBeyIyQesy85iqolP9NnN46tYhurrTnNV9Zbqu4=","ns+8d4K9b1BUota3tOhKCTmZXPfrxEieSJQiKHZTnzc=","jPfMHSmiNGcB/HA0AOwXjw58FFxrQaYjNjOdtP91fgM=","8GQJxI2WRTY+5l3aGkefpIzAEAEhhvzTGZE2HDPLLFk=","AWRXYw4+Eyxj8S7jt5EQSDILzv14gjWQRijnP9xb3qY=","fFCzmqdqGCilmmm4vpAJcXaTT7JdNTpxv/h1gG89nJA=","RoJkJCz8xLTQYe6Hsnha4zU9y2kL28skpcmOu0/vink=","YOp6aWtC4/2sTNT/P9DdpVmV+ZZiOvEHJ1Q/JTB74UU=","I0Fm2bngjI3rLQDdrLnz1sMYjZqHzHBsvICzsnmT9VM=","eJ0BgKD9AdjHpyQHpEbnjbdomouriIhIv0A1xmhDDts=","p5CFAPyl4A4SbCX7DBq7GKxirtuowHwK3bRWEYMa/7g=","WRPa6wAS1VPnpk+5OC8LCrepCQ7jjP1ba0DipM/dOIk=","O53LHcHUv4/rj3zoNjbHdNXQdk7HuafRJmr9SVjQJK4=","ND0K9VwyadgRq2OfaL3a1RZKvrMTnAzwLQVlXmpqILg=","auOSWkWRn99NyTKTP0rgCaoz1Uq2m3/vLLVtDybbSRk=","wdHDwtkbOS08WNtr1kcJsNTwaWu9MJ90l8pjaa32Row=","8IxFz68o480T9/jNLSG+Ebn/CEVhrM3RlG2u/vklL8Q=","ay+7XsK1nrXr9SyboTNz1eT96qZVRaapoJj7lqHZd6g=","yFGq/EYQHW/yl24gBFlMKJhcZWObyxi3SC1NH04pU/4=","eCjxs9RwZLrxhIH9HZv6KENEmj70/tO1OO4VXFO+kb8=","wZYMlyRMBqr2+mhGflWaCKe5GL0SjtMjsC+tElaPIrg=","F2SK1uR59pHYYdqmxBMgcIRyB7Fzet1eF/FmsUY5XJk=","FJHNYotC2gwxv5gXd+C9u1WtNUMJvIDplJ7QkbfPyQ8=","I2aWcNjLzyJLnFAZB3T2RiIH4PFidUidbf3KySKwO3E=","pWggj6DWnSBO9OfnUHSWN1jb25o/GTu2wxlo0T2zmZs=","U7hF6WMVTQSGyKVlMM5nPjmK73n/SbIX3YxVsXBAc0Y=","vKGlLaNKfuy+TsoHS0oyAu8l8GTJ1l8cMjt7OK32W+s=","ZZZIpofVDOMDeoeQl+/+EY8ZXHrqdvoDtnkE6IShB5E=","cH2fIKZnlZGC6TQabGTBzIB/dQ2PtTlJbmkiXC4v3NI=","j5VARoYt9bBzhxydZNhZZ4j28jcvwMFd7H12epfICX4=","Cheqp86YOJAOapCHYKNXxjLOn9jhOpXGuT9D0lrDXGQ=","Xthr38B0TLCFmPml692iXg/5H+mAxIQFoIatwQIfprQ=","77qoGOn3VQcr2Ke3sfpgEDNSt9JGXQ1wBmP7iyrscYw=","4j9PrTqE/h2nmBF1Yh+wsPx9ILRepUERhk4CKHXG67Q=","jFXjJe9XgPjxZkKZbrCANK4iDd7e5s8ZNF4MbPazqM4=","RG3wd+ZhlgDmql1hyQD2PmaPv7bqJQK0vO6n1gsKQxg=","M4cN1TA7gablZSnHVgCgo4ECnHxxhAdFPntj+SmRfdA=","5HQyBR9ThMZPnV7yVS/QVcFJ7xNsd2HxkKiwoJe+tPs=","5lvC0sxkhnisWWytdv46/uS/JxKg/ISi9RN3cD2Z3Xc=","KWHe9wlxdm2tE0tF86yQ6ARSlBheBaMqbJ4oNZuA3/8=","3jsqDlsJgqAYo/oeon3TmmMpk1QiBbiHWKuvxTqoQXA=","fwpUMcg1WUDZNyRYSFZPEM4XXKvZSNQ4nDC/RzztfI4=","69aLglT2xcjjyaWXcD9Q1hA/5+1/ptDUqEXnFenLfCM=","asTQ/4Euvv/svUpr+eSYye6WuZqX3WxNq3BRIwZgVgQ=","61uB7dKuY/IKPrQqwr6a8xEkGMN4LI9dT5czmLkKWBA=","9a1Ixvwk8yANiB9NJMtCaH1/oOiUXHbijPFvzQuWZMo=","GZnyJlWmijnyFINSPqILYmTiOGSKT4a8gpjvZHy6eTM=","QRfrMPdizI4apsPR1v5f7z7UeYVopdnHtmIahoZdEm4=","kUS2j33dDjl0t73hmp7NYjwjv03hpxgvaUtzf/D9u7s=","SU1ng7Axnyo9xlX9SJOQT6Q5qRUkr7s97pEk6kYH54I=","Qtt2rAyLoNs5xgybCZn9AeCBR+Vps7yvGPYeyVGizKE=","fIeuUDdtZbUYCjtckve04I1FJKMBIU6SQ5Q8LORMsG4=","ijxJ8YydR6GffzXuli3NNWAkaRF4oZEPnR55qN38iLo=","KDgSB2E/6y3acF1NZ1+0M6+baoVWme/ExltA+ERuzKg=","DjvgD/XvQaM2gteopis9qs57IKwfElgHXeR1t+/gYgs=","3wuW/G184XeOpbQkW9N6FAfFw+lyl2mYSoczsO/wxgA=","cIhTc5kpt9PPlz+VQAz0FihGxxqhNk7CHr6L6kzaHBo=","ET7yhboD3N6gEg9jozFarECSFir7nxCI1CZXmCmQps8=","PDSVcVzMiRNP28lmI7ut8GJazi5licAlLXC0FpYzdC4=","7NZVcYEo4zqTNYD7i4hiaOaOmX3aVfr/d5XuI3JYm0Y=","bsWZSAx+Iqpn9Zvayc//6dC14yNDk0ZMtN4w6NkGzkA=","B3os+S2QW6bzeFvyeA2kI3NWIGIVQ0mqSv23bR54cW4=","xOGvDtYSd6SYGRtZDSQlSah7tqZQ7ip9Fzbpx5WHS8c=","FHIy5rxXVfjNdETH43lE5zPQqWTo0VQdN9dKoSe3VwM=","qlyV90zPeF+aaP0juiog5NSPDzmQPJojXv4PyaChhjo=","9jDGzH7WqatvVrlzb84AGu+SgGF5AOHr2cCwp/izYuo=","d9kD9cZPaBoAatGhpXMDsfc36pQlSNCOjyv0/mnr3Bg=","SAqqVAUaaFaDO/h/RBKeTkESy4t4nnoQ0Kd1R8aeLcI=","ihfcc2IqYfm1Z7BIamUVyc5AIGCCbjfZnZuJK0XOUyQ=","lS0umCip0c94bM+saI3IadELezyfw7xjoMcJwaZnj+0=","BHDZRDAKEWfG7o2y0wurf4PVtaxBkQ5BxVXGTVGe48E=","z6f71ijyb+TFcBaoOcfU0llWPVAKhTN+KHdsZ8/Z6nU=","sgfh0U2H9/fMJU527HZuRQdGYt17+OpatFRV6u5bIAc=","I+8oqqWTpmgepnSEEq1vB7f737KWY7M2hYG2SlJX2hE=","Q1a9iL20ogLzHQxzzAHtGsTJudrkLf5FmofI8jqkUYM=","Fkcm3kDdVelNaWjjiAms1LD4kiqrLWA7t8VV9TKtVrQ=","+vTxbu8b6RR19ngFDBWL0U7ceuTjODjDx6V8vShkR7A=","Td+pqh/mCMB8/nQRKincnBNb/TpkuCVFc7rsCoIsOLI=","wC+YDI8oBSGiPRInb4x3rpWk0yRA4MwUda/8w5YVcNM=","D8/+5688+gd1aC+aemZhtwcr7H6YQMWD4h54ycqYi5w=","jMvbm8iHZViwK+efc5BI0Wf1g00Oo5ECMuWgePJjsJg=","sXxhZS7WKnNvD0U4OF+CpGVnvhRWkFWThqlrZG4NjnE=","XSOhZP2ihJUMszmqOl7WKrIInUI+tf5uhlkafrB7QVo=","qmOi70Jlddu5yJlf65sK9uT4S2v5TcrLNB7rkI9L/ig=","3+x6Ec5UNgnlf8+E9WT2GgfREObMyOLgqIKF7xiTq5I=","ETEJqfbRgGUBkwRltfWA+q8msHQhZq1PpN2OOdTnRHA=","CqY9CNhdu12236kZ6/By8p1jlThc1ijSXMbKhg0SIjE=","gcADGec68yETbJ9XapyAQ8cKUVGSNeRJ+LSqrfKpSOM=","sLhwWuzRo3kF03yx1A18m8Qiu3M+6y2OW2j0/ZnUQkQ=","qFAZ7u53JXtL2b83KYxT4V/MmU3T+VTuqRg/UGSJThM=","bPXJU0nxBc211SVGowFeldxuLeAzfVzjnJv5VRIOQ/w=","saTaZ+PtoEd4wnPfSRvekMha8gS4bJgvca3PTvvKlYM=","iWjc5PFPeZIpGAKibUIJKd1EyHbEBqlKGdyhnP7hS78=","f3Hu8qFbYibxDI8kgb1ggtmusP2ouhpkTu+Nz8u8eyc=","epE7PTx/LmcuUzY8CHGP5LZEuxrjZmnlh3ZdPWsYwOw=","sf/hQJ8xPaRPPSU1cbcS376LdYPbsoEZV5a2kndP8Eg=","lsuf/tn0Rp6UxZV8p4uRZeZS7FGVlA3S2MqyoX7PxFA=","axhJTxq4ueCZMUYHt+iSL1fZm1olWZk/bPxnnBGMmtQ=","Kccx6aZS6rVnCgmUG80YkJ1ZuGjck/eHLR3QDascJ8A=","YTm1+saxAvLU6d/Zm5UCNtMnxQTfoO87D9MMmLWHFU4=","40tsnZJiQn27iJJPMCjK3yDDXbSwti9dwODIv5RFzBY=","GAn65ZTRC0o7EPlIkT+6883nTvJnG1EoP9MD18t/OQo=","rJgGfZyQPXVKXhpRm1wfvqCCRDYbykdBt7rzULP3B/I=","0yv9VRmzfZmnASLbabLuO89+noZ6gvS+LYljaoPvo/g=","RM2UAey4vDrP9Jx+5hxXhaNFruVhz8Y0atdM3uXQhyg=","vNbZ0aSyWE5XbsHTJl4rKSCI5iHbv4wHCDMmI1eDn/U=","a4Rpm7oQLobAFEUXifdwxkT8wYm0tRmFpP2i3lKCKpk=","LmT+RkBnqvaY4bgCLZJIkTGGgA552eZ6MRI1oSfFxiw=","BI/giw1ttksGtPRGonq90sDUzwSrvcNkdaUM3eH2jl0=","haJ44OaWH4x37rrln+3kg/oZx4L3E82Lg1vcJTf5o2U=","t/CjjXSdvZzZTzMuWroctF0PTyKXC6uMPQa2u9EO4yA=","kvLWvvghvZiD3TmjSH5gdVJV+SKuSG4W/P+mAS9CQ4c=","lTY2qLFMPXZ6rN7M4ELtCM74DM7sjtMpFwjCmhDYALY=","TKc+UWSO3kQkv7IDRECsYvI3sYeiK3QtUfQBMM/6i5I=","Ul9TzzuCuPgIR7vi4wg7+AkWOk/PAH1YQIy07EoKAlk=","hmtQwmAGfc33INZc/LhkXPaiqIeLIaHE6B5lD29fn20=","e8vb4x9S2QtdMS1S1oflGhUzS+wt2Z2xAxoYnj6iKZU=","2DvGRWBSfRnZIFesan4iVyxwLCFyIZkkgawsTdxcj1U=","Mo8ESPFoEGChPvJCGAPTmTodH+zG6zmUrYHW8n+GD0I=","19iLyDx+8bxqotPWs/OQSTmFn8P/zrJTE+Vf33hxrZc=","t0L7xGSIjTzQneFNGJECllV7OK1NERuW9Wj5Kjgh4CM=","mAPSnziAV3gNEOQUq/HUqz9u6/3uf5syIIBqdd0eufk=","lELnwI1wwPfiyGB0VPgqxQ5+Efd6hDv01sfsA8d6Kdo=","0ZmNE/G3uFT9cAcUjsI2FS7/MeyHh0EHurIGI/qgoU0=","fBXXmoY52PcEeljVeS3UBhtou21ICJ4DC3cmFgeQz5Y=","lYBo/Lt/FPNEjqyzseSJgMJMig8KFuq36gLmJpOJKKY=","9fx1FaPNflv86wkV18hc+kIbJE0iayh14R50SKHz22M=","CL+RjTUPCSA9RB6bgM+SoBBBFgCd1ifPAW1UAl1neT0=","GTPwewQWQwJ1lxIYN4JvZpdTpTFqiv+JGnEoBm9KyR8=","C9Hh5BYzD0KgimGXovwGmQj+kOxUag997s4FWh526C4=","GJM3lkTZAHmVmTaq5ma/B3CFadI9zRFt4cPuLEccd7s=","hLVj4MgGCJX29WAoFCVvEmgHd0vf+u3q+nKsI145udY=","ukBKT3QikICOniEgkjzr2tTphlnFuP/qzwEWHuQW4Vs=","cdnYbrqCbrNc/agsjdlXBL73HFoItPjiJYMPcECMu1U=","6NNIzpS48M2zgT9LIW6kenEafYAO4kDOd2J0Y8MoAg4=","7QICOBvK7WeXJZ3CixGxzfigndSTJzRTCM/AoiMrMrY=","srFFZ8PcS4Ooyy57A+hJGBbgr2kkyU7KMIv0OoCja5k=","+w5XqVINQrm1cSYJIghC1hhTmrxZSbDWD9D0BkNLNxk=","JFjplI1uUHojmIYpj4GAMbSW/8K1l5wxMgdqF/MclD0=","K6E1/UnwvID0QtJYJNIko6oyF+nUde5IYhBD3rxtEMk="],"block_size":4096,"path":"background.js"},{"block_hashes":["gKO0dQDRV66QVgomg9gv+/Idl64hIsZD45R2FAbKnpo="],"block_size":4096,"path":"cache.js"},{"block_hashes":["DNsUJlys4UM6wOUy/ggkPPP6ZiaO2Z/RWbJhDp30hu4=","Xn0oHHAox3U4/GcaDa3cnth5X7OWvLxHaH5vCkqTZ9k=","EGEt6IRX28wbVJNS9H8izo/7xfxLeDxRg1iMWCunWUQ=","K5oej5eCITlcRMNuJPgDswkUHFB45vT3/JIBYoFE7ac=","wb3xA3+aPmocrd+4vxWVyjrx1ee3WFk3fDqdvu44PA0=","TkThp/w2iGPh4Uc2LN7XVoFvaxfqIytqOPE3IGEDbMs=","639YWSj0vNMZaHrggAbgmweJP4UL2pOyUalCgaeao4s=","w+T3IZploMcvUIZksrwQiFy51xP09Vb+bqKCuniNhQw=","YiPClaK3HVABYFDx76hc/aU740ZEEXvpHjbtO/kZaJw=","Gz9hW7sHjKBp8I0r+lJvLcQr3RATGps2CoNkevYxsiw="],"block_size":4096,"path":"content.js"},{"block_hashes":["gqiQs6M6PfimEp5hJl+MV02MRHpe8jUKXVJC18WQbIU=","bdBWQW/l/AkW+kTnRAm1HUS99M1NNzBW1eePDlZsF64=","BmOXNrRqtBpfrht0Ov8/L2Sm8A2JClhCvJU5O10/xBg=","4qLSDfynAiahPFvl5+BLaGVHg3xIGcFbIML0REL9Gck=","TDm1PeTkdwsnbU1PDu2LF1aGr0lr8uoOAct79364CJY=","alLY9Bp7MIHaW4TwamFWMY5GMGxWSG6Zj8eJbpSsJC0=","e+HcuNN7IWosCx2uzV6rEUuuXBd7v68nWNwCanyGezU=","kxQmwo5G2Q6KkqEMenDgrsc2FQjEIAwpRyh5Zkrdpt8="],"block_size":4096,"path":"editor.css"},{"block_hashes":["xsIotT01BXUPMNFJk0tDklFOOdIWILHLzh27K9Sem9U=","qV/u8UOB3cOXx4TCzvNkLA+NszPPyuqCQeD45Rbpqxc=","6SFFxXfxpeo+L95LVpFo0j9z6kxMLTpSCMMUMq9UFiE=","y2A84jNNS5MNBFDdGYfkIwYwpzS6hh6Jgw6gK0+wP9w=","PALVnEO/Yg0qQCMC4ME4CoPRCDd/WYU1Y9hxWawnT5M=","LY6ZrR5wsi88IMqKzAWjQUUkwZrl4XhSA2CSvlznDl4=","1HewxytGOoRl+CKBwSH3OxBab2T03VbYyuRwwwAgDYM=","kq5rkvM6x+iYYUSwlnjNKkbcPEufMmPp7mrB00QdJ5w=","vUytUTeln7t3+0Pr0v15oLWUHSOogDreij9tW/xELMQ=","ei1ZwlrTlCoswmEiylxdvJTEyikRVMnZZWc5Le7Kbno=","44UH2+5tkIPos8eaiTamjPj37C/nkTLvnbYmmgkPlDM=","XuKU+oF+gVfdDj1I7L8Rh6Ai+N5TPnTa53TxQaNwEhA=","kURFrAk9mJCtu/PgTw20D4aMWvPzoQwIUEQZqR1MwjQ=","h3z8FfKtrKo0YyhIeeX1ULymQmITG1qJcog/yKr2uoo=","hnOKp1nDbPiJdNVXNk7e7afFS0rAoHUPuB997VgCimU=","m508PpKsk/UoT1Uj4/20ZwEOBJNByslCRe7DtUNHT34=","zztOsAGjNYjBTEjKCDSU9iSlyPJR1/EuvFIdakg11Rs=","FkpbCdB0Qjym1Gh8UdHoFA87Utrhd8zkVX4eVBAgkAQ=","kJzD/gsfpmGfnvAk7qodScVmCKfEUHRxJCSs4BoJ9y0=","GYuS0HOqI+1aXDuLfLN32VMp9XZRWYTw8HPF2pHu/dI=","rpUvwbyUQj/69z8d0sDDlpC82+PI3UHVCAt/5KOzBZ4=","E5ytttt9Zp/N12Bg6a+EnSqZLfsFLwcGp5NtIKK3rO4=","UkUmdyv5ubredkIM4NgfEjiK+sU8rGe0+9cL11xLULw=","oCuaJeMfSNzD/qrVxLn8XW4IURDIwUvgg4ujphXCJ2k=","cJtadiDmS98JdW/JDwDCmJVxoL7MFmScuPGFPiDj5x4=","tzVbIqY8fjQKXx10d6qD0YiRzJ1eXt6KLrin+02mnRk=","dtYxJrklBlOGCtKEOHTgyHLjbdWpyjjXGe6YuqQQ8EQ=","KeQNZgljc4H5pKLEo/xuB1AI7YgW/LKM2CN2/2N56mU=","QPFTaXjWoSPy1GwR2C0BXnLHyPioNK6pqZ9rAOYubEA=","Y2GgK3Wd+UTKLB4mi7lK046Aa6L4pkxjyDXWQfufzbY=","Zw9Uo2N6AUiYIi25a+SeA3WsJjS6AB4hthG7vjfHZa8=","f4/L/w1BOYFwBNki1fbJlfQ+V4z2CWsFyQDUpM8XlzI=","ENFw/sWm3OaVslzfoQKcqO8s/DZcZR2Y2qTV3CtyTVs=","kXu/lF59jPOpScNsvZr86xf5Co5DRhOsX+jAuPuWt4g=","hqDUVTWCWpeRC1htV+fSNc+Lt/7lZbAu+12o9ogAmzk=","CL/e5StjnjSaA8H4LeLnDiK9I91SfiExWjkLyVxvKbc=","1QfHLr7rh5TTMgdZKHGEyWxKMNX4FyA2dhkwWq/XxbE=","39CtDo+cGah1IqRkJDg6wUEk122T360TgiuuSXG2lAM=","IFm1w3BUJBoTawVumJHytmHfy5NC5CaOBpSHhKfMlMc=","8+PdV1fpyz+q/0aECkWPHpp4lSt6yDBqUVpbw6/Ez6w=","geftEzHNH8DS3hLLqFiqINxks2uYaHuuQEleOhjID3I=","BZlrQK0YUwONywyMMV++SjO94QFGWtWWMu0csNNIPv0=","tclX1D3qWiXVb4UtF9uyDvyr5GCmYcWz7Ot/pc0N8k4=","HY44IShs/Jb73GZArqQERyIhX0x1tNO1I4rIJBc4DaY=","TfYHa3iHkeJNbLoApSHI2vs35qM6eBjT429Oe4OIhKg=","PcH2TPnD2j0vQjNloRQlQwF6bALMrgULfkSlDgQkoJs=","Rs6rTgn7Pggf/+Ct4rh0rPWMQw0bgk9NkN6+kicVg+w=","nlqZhcB8xHYtAYdGh80vKwL49DHV/8abYWhfrkLJ+h8=","nmEFmw+ih/MGokwkUz/OzB6XIZbtblR75cdJqbftlI8=","fGozWtmfyKq/KMn1/g/3p6Q/sihXPo32S+vkbnIjAyA=","Zd4Eum8bVVUFc85vj9HS45EfmmFlUO0MobtAgY6YzvM=","ljj8K8mub0DrTbpm7b+4wt7Nsl59NeehiuyMB6Iwyo4=","lCPCDTpWNBpl5dlybRu1HlMSEGDH1NfKXf0dAdg1+W4=","WZB0FAFW05w84dCQYSXwp5GE5GIYEKc2DDarKGGttAU=","TORBQZVPMlDaJO8bTqFRGjiVyW3rwWYHMd8nMBHefE0=","+HBJ/qcDaCWitt6kph7XSe06wzSUQym3fqKImjZ+3lw=","Nvi2INN7fCrszNSAy7O+oJ+gKvo4LV18jrE7rAJGzKk=","vmRq8yK4RDzsf36q5REWwwfVzZfsJ4Nvyn8FdJXjkhk=","0P9dRkgRAusu04KR6gEzBAZIIv/bizZfYw+U3BpkMBA=","pWqSfYHILswDgq5j0YTyMGRClfGTbr2sat6k9lu0mzc=","Ck3lk3khPNuckqB+PK+HxbFifLaRSVKz9Y62x3u+aEQ=","8CZZ3glK/H6pglbRzPuaqvxLh73cGiHpNNrC21ri+m8=","8yARnRy35B7NR2LpRtN0a6i+A+6DoAtJ9/F4Pw6mkV0=","8ufWK2c4RuEj98QZmsGsIjKRt7yP9vtcSv1L5SBa5ng=","KulEjZpv+V2RJIc0DxiGxwalYR1L8eUYV3ERm9dU3ic=","QFSUPntJ5zFwtwrkac1dDOlcAx4xASUoG57Eo9R7YFU=","JkH+hmimmraEtoFlqmhZMUzOfnMdyIsu/GMiDMb26iM=","4ojEaueqGwO48nhg1OMnm/gm6EhqTy8z1BrQ01EI+TI=","5VcqhmgkwzDb2nCfX7tWtSiOpMFqmXvMvWEy21AR8SM=","JRhzcC6ozsU8m5x25vG4v/j3BOgOx93YkGQsrgli78M=","x3zPsYN+0l2/Yus4/TS6vMbgEUbQKwtPCP3A4W832jM=","//csmL5ZOrwCXduhik+E2BrvWTskyjrHdULqt+d4v7w=","kf/qnqW3Rq8ULkyzs0zi9VEMswde7t7wo3/clSNjHi4=","8eSQYaJeo9me9j2UYtaj8+ICEmxJPMx2ufdBye8LtEg=","aPDqz7q4xiX7ANKgBIe3iYaylT9v/Ggxrba0JgmF3Wg=","ewCSAj4LdJsk6NzFnYnjYqb1GxacaqqCcalFMpZWoxQ=","If+rlvOrZXca0wkPT1JLX6d/iCatwsmZrZ6fYeSjMzQ=","SCnnpInHj2AZt9qH+3086BYlfxuXQ1+/ZBUxMJl+Ei0=","rdi91ZIhgTmMMCXb4RQt4ltJ50yp3q/25Ilfh64Futc=","vHgDy5TgiPK5gDOAM3BP3EtacDNQWzYbw5bTE07YIWA=","CD4kzYEvPPnM4Bj1/oNKeG/ULoECFG0mvpUrRL4vbAI=","8GiP67NlwLNY0/j4E4yQRCzWUtQawDR5CUdLrv6Ouo8=","vphxnNm40RMbFLWocqCF4UybAmfWRWI2abuYNm+36sU=","igZB7oOAQy2mkU8ms4hinY96zq5QTTZwsYs65q5PxA0=","ADBljai9aJujUkNvWCTV9csAtU72LhAZYJpUKbO6C5w=","pb8fVXtt86BDCGzc0h2iQerfFEH1AFENzb+FzD8pNeM=","GEZztedO2i78Hy77Cwo5pUDKJrIwHCLhkdkfHXlrtzA=","5ODhOpsNXbQjw3ZYHmlPIE0w0BCj0LXRNvbq26rjRZ0=","oGgJM+L6wuzf7rcZ6aOKAlfw8uXMkhELjk/ce9Wu+gw=","dKHrM8Hs9Lg3TtJ9+bmr9g/V+ozbV6QNd0K5renz/5Y=","KWgjQP9DTS5IkpdNBGZ82ak8QRVuJRZr1nfzoGv+sXU=","nOQgzikiMc2JE1eLhFB0seLQc40Rboa6FCh+RytTHXk=","BwiDIaPgjpBm07+h4HgYIErEl1J9o441VX6f6p4JdpE=","lH2UTgJgnjtKJz3DQIw/UzIevicqr9mlOMhbnGWXIO4=","nv//EHBY2a3ZPPwYe3pHH2xNn1bF9gYit1G9xv8gpXc=","5wQctOkwTruka+a661dVr/Hk3RZ/ePbCCQcqNpO8V8k=","PGCygmozSkM2pDCcaGGmUdxUZKmVyiedkZisYvEQsAs=","P/KQ42QxR3scAPrBwer5eYsea5PMMEr/533vjT3UPhI=","lZQYmD1ullrFCmre9INrslA9yAAgwhAZPkrgQPmo9ZI=","GsdpNLEyLHY+JC8zxNLodQaGiaYA40xwXzXu/LgWPE8="],"block_size":4096,"path":"editor.js"},{"block_hashes":["a7bC1Np3O6VWUt6s4KTnZd3tLwg7e0PPLNAcLsHCUt4=","kOWQZ5+Mhl10ogA2iJKCnVsTkVRI64KkGXKrBhSTDGI=","c8C6WZi6Y3etvhCTIoW/DJKbJ6T1cF1OOGZkcIXWO9E=","VoxT3bI2mhkZxFC1/YFW/hWlhfn0/f+dagekywM00Hk=","9NUwLdyTj29Rsm2V8Zn79VLJu1YTfCHVUKmkbb7jXno=","+7MthhEIb8+0aPHu2+2giE/hDwe/tBpdepHOKp40xzA=","TT1R1Gg7vT6X+7QDC0f2TU6NbBtf7bUwpmeEhvZpYCY=","xNu9IaFulFE7111g+h9cQS4ySe4ft8rcaHWyMQBzliA=","M2PP6WPNsFwgKZnslqZ4xyMBnQMtqHk88aXZm2+v6p0=","rm8lPccCKbyWMcOdBmI+yNsLkbQh7RVRfoqRv2dXil8=","9yvPbJnz888aa173qlNBXxoMRILEEIBM54HCmtndC7M=","XuqLy5vvkP5GdFTXgrOXEWSWwsOVrHeSENmKICepqHw=","k2iQzzWUkCRqYRFWO5e0Uw8J/Ye58/eNYAfN/nQjV+4=","Nf/UtK0U1tw0JxSbvasbkCH+T7xtyY/TPpeqOjCsgkY=","fkoX7wVspUI0143q/fcIwmQ5fSjbbvKWQ+kcH5+ZTTs=","zV8ht7ivyvY/P+9VCK9Z9rC2NyQTBOSfYO/B4WiI/jc=","ndhD1bJqkyIBn7SD3CyzqH/m0riZO6YKJufDNRXXXsY=","EdPRQlh88PAiSBqfDfyoBCX0VVKjEYVsESxTJNB4pSQ=","Xz6+z+/ASosCZ1fvWAl/u+e2+PIlEUqCwlv4PuvQl4c=","agoqDlLuySiC4Da0yyfSdeAh44Nnb+W1z6fTFNvigbg=","3Opf3R75u9lTokOFI+zFDvyNiNlsiyxBBC0ALAgTXFc=","1OV0sxlFGnHLslmcor8MKwyy91fh9sWAfQRPYDlSdmQ=","kYXu/gGkTWEek30g+JkD14sCMfacQxaWdyc4GZj3+pg=","hvKa97/edq0+ceKq4Az2WbbpS38iUBEV+sQfTLbED3o=","OnPXJtCTyHUFvLiKfusSMV5Ti/d4mfkHvtiJdNYX0Cc=","d/a9cZWagtqKwNS2K8cwA5q1cz86ot6HAoA5AcFcBV4=","zrrsbjC0hzOWMCgSmbM3j8mLK3wZxGJiYDWsYJBG8zo=","6UMqfF8ulyHO4QUVlMrLr9CN5xgUi4UrV2qmh36MCsA=","G7S0MX2N7DI3WV8EMGpXxS9VkC99ZrIva5XI7tHj9O4=","okroKxn1NPJfW7bKlF7Wz7np1o41p+yrfmo1VsiCmoE=","cHw+if+4x6FaEAY924yjFi7r1AeHM5AOm7hhUEOfmgM=","PoVUkG33nNrr+3XYMIyJPJbDQrfQjFNL8/F+cH+bYIw=","UoIvjikUrB5x2rixEBLGaiP0jZRppUYryWYOWxiG2XM=","T30pCmckwVY5mJdD6Jkbkj+lg9FEJArMB8UPAc8BDlY=","jnJas58jRVAN8oy5Sy45CEPXvpqA64SsTdAv8kILjyU=","II3gU3mBR0h8Eb7+twwnZM943/3vetM4OF/SBx6PZF4=","kjiGL7pQboFeZBNXy8Uq+nPckS7YicjJNx4j2SP/Twk=","p6WjCyUK3byOhSPn3Ev6GX2qUcmlDiY3uFLBbkpXR0I=","i/BhOMu2Mw0QSmu1xn7Xf5Mf2ALTb7cnlCqf3E6wlDU=","h3jom05ILqdTKTQx7BikXwfdr1ofWi9KxhArdYIPUS4=","KRk0qfIaIL80l2J5G2lFlNTbsC7CJ8z45g95d9tKuOo=","WqG96SXFvaQmB1/4J6ubLdsW7GJeILXq0iEmbHfqz0c=","TOhZsphKLXqwtaQNDLF/xc76/gAC1NCBcK2FaYAQUSw=","ie0C3T1053lPB2aBdz29G09w/uiEqhC2snaXPrELMno=","mgP4h4FqpeFmASy5srKBrpIm4yf5ahjlLfYQkA9lAzE=","ct8BRlxGb835FOSw+sO66LWSpjKBYAy+vWqQrbBfhsw=","6ovi+ip93g0tNTyZNgMqv3PDDfSzg1C2mH+v/SX87SY=","dPBwtZpFYmJGDSdZ2VTYtEZD6+GliDie8IlvbG+/YQI=","h3iDTiKnnD0ICddJlh/vOoHLZQJ8i7EzW/RTh7uuZ+g=","kiwhuAes8IaPNHi3DgJ9GNO318BAN8C2xMKYnOUAFOA=","kZFzfOu+lwZ44RWQCu7ptmyVlZq7KaKVfBXPiHcaX2s=","G683eUcbVWD/iZ4q/H2/ZX+fC0Qca74UltGbPn2FmSk=","ooPQ+6Zdth+FqgRTug9RYwaYgFYQ+64UZvTxj12XUDU=","35tfvljm8upWsxaAX86M0G5gsNMB7bYPN5ckBppopBw=","QRXSi5cTatXsv+L0zEwzfQhPuefKbyA6G57kWdICyNA=","7py5TgN+ZlHWaVZFlt7xpPfcHhWF3VOkrqo0j1KqcxI=","iQlvBa/ibJHUJ3GCmNmvyUCmw+gvqIAOyDzaNZnn0RM=","pcLuren8+/I2hzGEgNSGQxYR9SnYO4VB/4vu01LprMg=","5DN6ml4IiupzFFqJcEJvztkcVr99FZlgzsY7vbgxeZ8=","nCgbcGBa8qKWQNqejU1IQ2M8ipO2G5Zer9BdBhwcWLQ=","5VuxPV+W/PmuUgfuuPTaF1sDKkZLev8qXGdxdGjZ8Z0=","WIxtMendwex/ssVe4RVaV4PaMQv7LU4LkDreSIhPEP4=","KaVPXDoCMpiPXwQ86dUmOnN7J+zJmgifm5Tp05Cd0WQ=","SqyQCBUlULUUpI9/e96NNjktJnVocNstRyRJk+jwHmg=","c9v0v+PD/jMAKaQPd1rvdzQkyG5SJY7jQb5Arep45XY=","JrzUqJOL/4rHAdSNjKZKypLlLvjOkgWBs1OJiNvC58I=","8P5k0vBNEs4PY4O984fluWFd8nqyWLo6sOiJYL1jDmE=","QfP5a+ZwAYyHTJnjLOw72L7Znfz+mp5lJQRpYG/oc50=","ZgtQtOjtJNcINzbV+1EGsJMEsBtncaCAU43cGUuegzI=","trKnAkPWBDbNgrpFM5OWTXjemOJcHPSmsBlp/pysTjc=","gug3vKnrXjgu8BZzLVlrdhTmPMmasmQdV4nrzV1M+MA=","wgvMdz9hoYtp8pbaX2Ark7aBrDiNnKmbkXlVkgtXC88=","nZHNwEKSfaU5sPvhPnMczDwY2jPa2RaAypaZXaXsdZ8=","vXMUBgC4biYQTWrWupWt/Wi3JkgIeTzUpEilhs9YyYA=","UXgJ7mZxYI5sPni064RvYJDb/1e5oAp0/2nqnXY8xr4=","/DlVGVTEkEf4SufUvi0WNZS/BUiPrUABUYM1p8kUIqs=","cBKirNhBJW5OlJaKhsR1dn/+4FTlIeBBzW42v/a4sFQ=","WPgwNFfjoYAzp66p4VHUsRmHltKYTlqHqZycbqAr+Z8=","DJc2yv0PWAsZ9eF4MHxGZKWsVnu9llNbuLL3hQGVRTE=","ULk6ghoe/UGvcl0l/BywSzPGJ90L7WYvxkJly+nZBR4=","EaJk4Xr70k6yNx5CigvcTfyY988cG8/U/O/8+Qemaew=","OMB4qk3EWGv8HtShHBhEKiLNTP0h2BKFLTOnMYADXY4=","LuIZi+KQsJv+fx6FKDAN/hkER0/9oUCQmMVuO2nEbPs=","WPEqfj9wAjQsVdiSMJUjm1l1ca1twMruklvFcgfkhJw=","rituL6/rAlVGy+gd+DbKt5RymnscjswXi668JWHqNSc=","9e4d0+2eqcMd3pn3zJXNLCRLvTNwrfkqINrBvG0XHDM=","FCj0ZCkYD/j1nM/9jVOWmoRkav4+3s5hplNqNd1jnBM=","cLjSTgUPrb/sjNlRUFNvNQoUsemxotqxBIY6PJBgFPU=","zfly4436G3npJyxh8s6tUKQtZpS2E01UtnVO+NqoqNc=","CEM7OKT6o1GNVSWbfBTcZVNn2qRtFZHD1VsKvcr0TJk=","d9sLDgbmcti3wOvPSKubb7SbBGrWf6Jzbe7hn+dTGx8=","n8SKXHuP+gK4erOIBi8seoYr/HyqUSHPcBXZ745ODbc=","xFNFpOQVAOJ8JxlOjzxN08kGcbaXGg6j0h5HY5XQBjM=","coRAtmOOosBMmB+gdrvZRvYUyLItY5mP9CbZBum9hDk=","eGlIvTcJFy1DF/vGJ8VajqwhcCCSrnc4WEGjxJbaydE=","bXYszu8Wfv3Dy9dET6hL3k1+A4nBDWiM6/qVApxgeLg=","kmNrsS5NCPqc2i6qcuFd0iB+1J627zaDX5qVYBUZeYE=","67cSkCGHVd0DXrHY4yRLIx94gAxzgzQgD5/Jt67M2iU=","zdvZoo2kCzzx667H0CiyaSDaHONBsOxBbPn0gGXLOUI=","yKCKldEKqw89ym+entAMi6NGHq0zcEAViwMxjWRAP64=","CLJnP0z4bY1zFQISXPsFY6ZdYKRB32mlsqREVnAmtKE=","p05QLWEsxsFYBZbqLV+r81ZW/jO4z8OsD8bl3LHYZwc=","e8b1LO5U4iTX4/qKMBqG8ziQ1ll2k4OPElvQ466SK5w=","C5TEXLzNBr+0+x7cAIm6ah5BUOMC5+Nr1cyTZrzAx88=","7VQ/6XOulPwf0QOdz29ZHew7v3Qb3ggr87psztuWaO0=","bRx5OwaJEG8RnvGCW5K4bIKPAPJ1UvpTsHQluD6DQp0=","RXsa/YeOz2jaXu1qePkW8VHuZbJRolSGFL8L6Mlbrfg=","AyX4PDNnLA2z4AgbI/8I236XPdb5K9yY9mbD6C0NU0Q=","s/Cxc89XtTjpHSwYXlPe9alL4UMFRsBn74XgqfMVzqc=","SBU357Bgcps8ZnjwBIwYh1Ch+xSw/R5wycp6ZJUVZQ8=","4pAHazS37XJfpWP1NWRh2c0xAjTliDRUB7OMzqkx9T4=","GD2D4ET9ariF7iQvofsIHFO+KzJzpJ17aTPTMA6G7/w=","9XCDKyQzc1vKZ5N1EGLqgZwcAaCPsakWPR8vpqlzY1M=","QgAEsmb3cYBBYj5qDeOPyixw0uxW1lnDJOA3uXG4QzI=","uA5fQNZUZe0ilGw5YmXPQbBDc+GvjGmAOvprW8AW5/M=","yx9BwajPYNZIQ2z4f7r1hYjJlC4Lci1iGE4QOBoleaQ=","Mrsu6ag26WkuDb60pxLOPIj359fyIG6olk/OorZrzXs=","F5WDTArmZWSjcsRBZN7hnfI6FmrZGj8rnqr0XfJDMCw=","OtzlTaYDiyzgVt4KBWvlkukWgiahia6tD0ElEvVsG4M="],"block_size":4096,"path":"extension.js"},{"block_hashes":["TxhaCXXbMPBL+HnK6tV4kgLe5NFlR0dvjSQOnec81hM="],"block_size":4096,"path":"images/icon16.png"},{"block_hashes":["dPm0TZSpAzDngtkF4C61rk1UrwuWs6nbymZ42Rz6vNg="],"block_size":4096,"path":"images/icon19.png"},{"block_hashes":["X4lkCk7uGhk+1Vi8MWSntFvWwgqamlWQFoMaBjgaYKw="],"block_size":4096,"path":"images/icon24.png"},{"block_hashes":["y0pk8GSQmXuyUVgTFIXzNrL+VIXBKnw2o7YJNQMmg6s="],"block_size":4096,"path":"images/icon32.png"},{"block_hashes":["1Yj4eJQYmmRsN1gDsyM4tUoFdZRx2Mp4f9yD+6yBWk4="],"block_size":4096,"path":"images/icon38.png"},{"block_hashes":["ETmYQYthuvTxpKfcIEgG/X4VDHbUQOO+8xAErcsNGjc="],"block_size":4096,"path":"images/icon_blocker16.png"},{"block_hashes":["uCV1WmdLKi+K17MrgiejzqzWXG3HgB5l/ZVIrviUW/w="],"block_size":4096,"path":"images/icon_blocker19.png"},{"block_hashes":["QZg2Rgbi3XyAiGP3zb3YG9taSYllIQ65cBWV2kcjo10="],"block_size":4096,"path":"images/icon_blocker24.png"},{"block_hashes":["2s/HStIDFSSv8Mr7V+05c4/FuohF9l/bwgHNlYJHv1Y="],"block_size":4096,"path":"images/icon_blocker32.png"},{"block_hashes":["xqwchaVyW3LhTrANg0267UGvvEJHV3x/BJGz9tKY838="],"block_size":4096,"path":"images/icon_blocker38.png"},{"block_hashes":["ujMr9vnkV2I/ClrGoHsbmGRV/jNnK5qso0BYIQ/b+v8="],"block_size":4096,"path":"images/icon_forbidden16.png"},{"block_hashes":["HmJ0LnAfuTCbTRUAV+x09gtdYYpzC+H1GDr2WkNiB9A="],"block_size":4096,"path":"images/icon_forbidden19.png"},{"block_hashes":["Q5j7D70GpB8LXOxNlXI4RiNs6f6zrEsqjcJlNjDkbCI="],"block_size":4096,"path":"images/icon_forbidden24.png"},{"block_hashes":["OQ9kbVNDViiSUrJ+I47jhNCPc2eEbGt9pWfWKErwOvo="],"block_size":4096,"path":"images/icon_forbidden32.png"},{"block_hashes":["iDbg8qO+vxfPC6Zxe/ij59l1WepX7Qp3ZMW2aJhBeMM="],"block_size":4096,"path":"images/icon_forbidden38.png"},{"block_hashes":["+itzdstthRVw4LQ8JUPr/OgICZfSschcLtM+XuevCwc="],"block_size":4096,"path":"images/icon_paused16.png"},{"block_hashes":["zFx+ygKmjg61RziRVm1wMn47giQ374L4I2Rsg6L/AZo="],"block_size":4096,"path":"images/icon_paused19.png"},{"block_hashes":["n3mgjGkyEVbx9z3AdJx8wjzGsr483I9a6KMsqEl60rM="],"block_size":4096,"path":"images/icon_paused24.png"},{"block_hashes":["BZIgJyV/UScpuJZW/OKYbTA/X5w12E4pl5A3l2I9zKU="],"block_size":4096,"path":"images/icon_paused32.png"},{"block_hashes":["AfoJeR+OyUDcsZeG7mavDLw06Bjgny2c/EQTBpB6P8A="],"block_size":4096,"path":"images/icon_paused38.png"},{"block_hashes":["Rxz+9hoL1iNjfZExrEaYlSADHOl7WLwbTbokf0/+2fA=","PI8OxiuDz4LO9niGl3uv1ieRCgEFhi+CbDyaqlMAqmE=","N/lcJXUDE8Tcow6GnvmXvzWITL1Q4x77pT/iCeA9qjY=","Sbjjt6JHw99u6QCmFDrke4mkcjfFp9hafpO9TL/xvGQ=","Jmz/uOWgHWYm75EWvf+FcuNbT/JWWEe7aBwlMswnRv8="],"block_size":4096,"path":"images/txt.png"},{"block_hashes":["GSpb6Bs4ASJ6Ivxqm3yg7GaBFwkPFUEdB1Cll/IRrKk="],"block_size":4096,"path":"LICENSE"},{"block_hashes":["TyGLkd95U4s91/Q0mxCEi84QxPhv9+q8LKCMKc0Eulg=","MDtg5GWUpTethHJtMHVSfcCtdz6HjtC+rwA13yAFXrI=","wWSlf1kPjZqt5TlRpXXERcDMb+7s53HNF1sgJFfFZg0=","RnAEmPAyG2HIzLqWwEBm74w9/dW1Ke2FGr+nMEcqDJs="],"block_size":4096,"path":"lint.js"},{"block_hashes":["wpQP6VsYWobpbLqXIccO00epxUasScNhCzIUfF8dv18="],"block_size":4096,"path":"offscreen.html"},{"block_hashes":["bxTb30kV2YpmUu4V4Zf10zMyJx5TjFptalZt2HxVP+4=","ky7lEt2X9WEquqnUGfgyK2jhxWhVdWni/iP/0X2HliM=","VDV+9ZRqI0gzHBcIaNw0mZrxk/lQD4WpFCNCWJHlRaU=","Dnpr03JV6YokkArrR1xLqqJUAJ91RTy15qxwOOEy+Rw="],"block_size":4096,"path":"offscreen.js"},{"block_hashes":["XkqPbEzWWOz5EqpqVSIe4JtbD09GbD17IzzLWlsePdY="],"block_size":4096,"path":"options.html"},{"block_hashes":["f6W+UYyIgiGnQa1k4CNIMVPS6YoTeUhM2PVIrQgw1W8=","ls5FsVWA/XZpweljHYeeRVDG6lm7CanOV3gF895bMFA=","343uPl2QUxoR0CQbNMe9nJaSkToeSaVyF+kBG9614xk=","I4O/3FWAHq390krVXV8q0vhuVLnbfN0PyUtRVh+BZTs=","r754fuvxdI+hOvMYfA8qu2jg6Fyn0LQuZuzEl/2wkdA=","2DW+9YstIqtwo63EAEM8akoomcm2wiKwtpAY5rn7kP0=","vRskknnypIfPKpyLbOP6WWFmZqyiyH14iRHuLOrVuCk=","mxv9wHyNe32P97nVvm2GU6FSU1sfTD+e/M9IFecDBqU=","jP09S4XtyiGBbVfetzZB6kshP00HrEiIS7oT3nhDYek=","RftWfUa9ZIled878aixsRXrgrg7yTkX4NXvFo97LbJg=","s6oe+Z3UHSyFjGhyBjMhwII/KMXBjOCTrJcsATD6YEc="],"block_size":4096,"path":"page.js"},{"block_hashes":["EyrhE/uvt7ol+bvxZNx+V9d3/swseyMMAAcNLHoge18=","smItqroD64oy9WX2cHvtK0tuGYaa7JtrfiV24MtOz1Q=","3pePNY6CHO4E053dG3UD5GKZRYqgosjWws3kiLKu9sU=","U64BYvz7AtOC9A6/xKnbG7sgAYi3txuzr7pmakH0EA4=","U8aoJYmxJHpCD/wcyXmppzNURTVUXqQ+tjaVS+vLjns=","MmngPX+fqbmq3i9JL+j6wouSZ8Ua9bDvys7gAEZWszg=","op3rbaBImQWWQlaVwzM43EaLwKVIqbl/WADlxFYgTjA=","PgpohPX9EyKnusRuZVG7ELeug8ORsPJsfa4IzZybU2M=","JGKwkusSk30816JAi7FR6JIsx2fEDcCUB73Rts4t6QI=","YwwOGpioXYSeMfPM4ddP1WP8GsL3Ubmc5y4a0GYMnUc=","d/kyaRWoo673sxNW9qjSoY00rr9zr7/399L2Xep9BzM=","pvEjLUEg4jEcrVfPsy+9FT8xwjoBo/zJw/YPAioEL6k=","yDFHBFjITMzzoauK5vAZzpaLnghPjcnOvA5pbWvhW4A=","Yzq0PIQnBUuhijgoRRYdXy6WZnt2JlOoypC6iLT7f7Q=","qmqaoC9ezoj/L2Cd3ar0rKihVgnetLdWc3m7Uxqg11M=","j1BZSxrqIozpDAsSDSdL1K/HEF4TCMx8kDwwI4AOHAI=","+hv2VzmYNOw+Maso22Bn09A7AT0DraVLD4k87vMyXbs=","+eGnwpYUJSShbsIv8TcVQvOfI17QU3rvf24e5dUla84=","92FakyoeyDIpsR0KseAJ9bFqJ+P0j9OMd0upxSxomkU=","2xpQ6w7pPZa5PJM4n7+tObMhzAfn4Q6gQQpRNXPC4hk=","6PWpbPLEzq/plJCP+mwHBPack8JN00wzwWiRJA4fI00=","YvlmR6rM+J6y5psTMnYftoXXAL5I25fJJ0/OwY3MMjc=","J+kgHg7wMXuabukNIApvjGyQ7b11vRVbvT/GhoBbiiA=","hEKZFHPMe2UrS8Y+HtYaPMF9O0Bi6XJ6D2HkdAGQ//g=","fC4sZtru4k66eA9TpH9K+wzH6as9beMPAyB1zytrQXU=","PTTnsciMYD3VM/xr5bBwCLOv1jc4viuXyreNgSD7gjw=","ThOXSNayC7vhnn02V+JDy0B2F9uhtfs8EVqvGScgaAI=","9RuUrL/rPyxzFEIzkBG+7RuxQMb03o0d+q0KSlNPpYQ=","oLUA3WiEXeG0VggpFrEeRJ8b0q9Spr4DkZ0MXC4IOEw=","gEMsFD3Mhq1IrTaLdFx1wKlfYPeb+9p7SgkAA7fsub4=","Z7kUE87DUmeO0duBG16iONYue0r+DG3pwXWY/RqRE+w=","sEt4Atr0p6N5e2nadkBr3BGi+CJl+GFXzJpaKtUlQP8=","7irQeVMdqXA2qRATJLeMsinnR1Mgfo/fxNOKWlArwmo=","i5dfDGG/UwuaAck5nIndhJp5WaVX39NEbjsuVSrOuOY=","q6Pq1GABGOO+RHMVU5qm7bpHUzJUrQzehOU1XYtby3I=","ftuVCwOhSJmuT8xQYLu195xH0dwM1uHvPqdz8GwrE8k=","rTnfqVDnSb6U0NdqHXn0ond+ZVOKY9/P9vTcgWCM4kM=","d5Foj8Q3CpIg95axegPq5i7U57d3eJQot1FWxHqE5t0=","Ayu4a7+25t4jj94bYnWyFzQ2BHG90A/I7nne61w3inU=","hupTnGJE1qpbFdzT3C782RSTZw/CU++TGnGavg92hsc=","bSW+1eb5Vj2jMy23VP/7qzvBG5kq/2qcZ02lL5an1/w=","7EezOkLyyAmWZRkRyo/tSlEL0CdxKgsCctTbFLkUdD4=","lWLTqe6rmnK8k1ZGvfqG8XiajEWSsOIErUnXnOO+7tc=","AkVjtc32lOEH6rG0cZj8RAcie48EH/DFBPE5oRRGikA=","ZMAdVwXbN8tpj+kS3UqfKDui33z9x7dUkonfZxv1w40=","faeQR2A7inJTOdZ8NiKL10hFlD4E9Kz0ssEfd3R8tYI=","Sh40MRPv4xnaGrz4aOTMihkIHIn+qpEGUW5XlcJBgqk=","2kJUGopNv1Y4ZswdS1Qa4y/Yg2WBAbBzfw9WGyvoqP4=","oa6SvaAaHKep9kpOP+fxUwFpFhGtb38irH5esMHf1pw=","F+SXVlAPQGjT5sZxyfwdt97iYJG4vuyhJlw8Tit4W5I=","FgejcIBUiymj+M7hcqIuTKQgkA9+11E6Vsua5Zz00Go=","kQv2UOvSyyr/Cl6cfpwsm8YBL67S+lESlMGCTsuIPR0=","WPTmwhMDpFvWvYJh7QjFUog2z2sa1M/XJVRgX6P84SM=","sx04/Vlu09zEoMrwkgVXmMxFsOEv0XIKOh3RjyE+G14=","NkskUxdmEzm8CzCR6crY8P01nav+gF9foWOFFZ3FLBU=","2OA63xN/z5Hy8s6W54g0GbRkh766M3pf+kZZzAf7QfA=","Zs26e8f0AE2QQujqMtx2gkCoUXyC394qN6a5CHThvAU=","Ke+Ulamt8H+CxFPbjSdL8K2wiB0ent2Oxk/kRqB6vR4=","rgYvNdJYQGtBolwd5kSNalOANJwEWOWDLUErDEre+dE=","dbzcPBXjVmivF7ZiftIYM1K8JvKLezhSrRKRSOihkQw=","oR/kyClc0M7U6WC0RXAl1a5W5wmOyZHCR/48go3sTWo=","7ehk4iN3KOFi7Tzj95VfDNHxCpxcq5dgG013x6pbygg=","rxexwr2zbFM9aLZkw+lXaX1eG3WA7z4x+eAxYWsEVLQ=","s9rnHhjMQ6bKnYx7bF2Y4wyg8ZXEeHL060rqnZ39zyc=","kAMn1WhsxL94zUPd1KF18AJhLiXsy7ukUYpH0MR6yxs=","rYIW5TVj9swSRBlPKUhhs0RV5RmXOlJP/f1aNxUGdWY=","XRGtFrlpFffuNTrEow8ixWM/2SWLCfvIFg4fMUiFJzg=","yeEfypqL/alYaoq7nxYE2osfP5h20AGmuHSid8hlsN0=","fb9hJUkKLswaCFRkNoFk0TdswUpj+L+cep8ckuPlAKk=","fAbP9+mktAak7qiC1XlI9YqSsyY3e8BFpBNoWOO2Iww=","qpv5/9JZghgqINi5AhEdGUiYIav9qO94M0p8OBtiDnY=","PLR6jYMXV/LS4vq5gWBT9ifILthqgn/dj+vZesJPW2Y=","V6E28FP3JvI4qY2KNHIFBi97Z2kTVMbkIf7dYGgotXc=","uPuaz4zE4AtjTTFe4S4tcC3Gag7sx7pJkzVbalbnjjg=","SNikW397pF/UtJxECYoXHetqD8mas/7ImwMkyw3xgZ4=","q4VTCjUPWPHzr7+HG5GXtNXkwaepRLBAAiB9vUZHVPA=","KGUPa3AII6Suni62vPReu1KjWl/xbrAC6tzLZ+8u0MI=","kuuT83J5ib8OuYFGobYFwTx4hYVllVgB6Q5RA920kiE=","Okt0liJtvJmvLfXfvTkJUYKkEEVnGPf2JhDZFJQRYyg=","Huslqf7ytzEgVzOFoWvTMTHn0BBCJcmqZHhw+aH34W0=","FRPe27CzF34t6pN68w2LY8si24DwYzBUt2HMqDzoc4s=","+a4grc0d5K7CozAweBEdaZtNmM1ozvWr0ChJ0Zu8loA=","p3WHoJnFY6ArA/Zp0/ueS8hGUXE1vlTv3Q82yDaTZQw=","O2v0EoUFn55+TZ4I5rsp8oITXxQlUXVnLJUnrac3v5s=","fBY+Q7zqxw7YX54MLkVHnA0i5APOMZ92jU2SWa1O4h8=","+qZJLfEOA8t9INtQyYnwQdDAZBIkxyEoWRax0rinNTA=","2vlayRP2DJ2Xv5db4R5CtDTt5U+VodPvbJ/J/WNit9Q=","oJAQ7/bfWc+3ZeQX/HbtD/eXneogqMssfU9J1Eir+BI=","J0/bjI4RIF2WLXwkInXDxg4rTGiWseLJT4s/zNISf30=","fug9Z8J9lcHqnukdD0xQfk4MDWGlPpkhVbV8N+oT6g0=","HfekiB3ENqOu7B/flaihYgrvq73oUDMbBjrmh8XAwRQ=","zfUQo6EuZEFWjOXq2jlY8FLFCX+F6K0TqGJrGN2L+Oo=","oovMIN18U0z4KGLRDzmncOrSHi1rMv+kau0bb7/hsWY=","lTLsX/68Uq3YosOjDZdCrUxYwQVz02Bl5npvarjH4M8=","KsuSegEYQMoMrdClOwdLtSmJXP1h8njfkQyXIdNUFWc=","JjXC9sY+BNTCoK29N1YK/Y88dW52k3XnLCHF4PgdSLo=","aBCKSAd0opQCjaRW/Vp3EcbluMFWynCFNNU6EbEhGfg=","jxGFubH+AvwFDMSiUQt221tq+HyX6ZRgb/27SELlPLw=","VsbGw67Q1yUyriD6s/Ypg5HfY5gvfhaGXbexXHLmNkU=","meXiP553oGquLaT4x4CWGMI0IDVC5nGdw4vgHacnhQU=","tj1LpHlH887pS16HC3F9BKJU/+xTkA++0UYi0GYOFsk=","Hj358zlaooDVTNyCEnpRFpIq2TNv1KxovlaAljs02XM=","xhQL7G8RUkUe3jlhDIOp/ITQgpGGZhIkeYLH0eRmf9M=","ZugfQ8ERB+NSVrLaJ1ymcHqIoNI3QVBDTVzALZX43wE=","yBrOFzM/pNLmF5tK/1IZWj2FA2iFC57H2ZFA4gNllAQ=","3NEFJujTGjScjF0AvmvGLrxMCFBRdV/+IRMmKF2Tp8Y="],"block_size":4096,"path":"style.css"},{"block_hashes":["AbpHGcgLb+kRsJGnwFEktk7uzpZOCcBY74+YBdrKVGs="],"block_size":4096,"path":"test.js"},{"block_hashes":["LfmOq8P71HpQ21JpSQFWDze7zqRzdlXph9Lipv33HPs="],"block_size":4096,"path":"userscript.html"},{"block_hashes":["1abHWpuxiBvaNr4JN/kA1DiOyqMZeIeZ1hMeOj7CaLM=","eOOfp2Uc3AcsLY6DqVDCGpq89348CFSVj95zIGlkDxc=","3bttYqHNPJ3uCdGl49Xs0Y2s8BDtXvUnCnhHsmJ9I2c=","YNYcM6vR9TsArE7K5fIWf/+40EdViUK6VrjbIlxwzFI=","L++k2Iu1fD8PU0pzK01U8fMEMsFeILU21bgCVmcfefw=","NEu58A+EtkQjdcZJ6PtA86Xx1oviBAURJ7TmzHQ5c6s=","4XfVHfruU7bp0TftuNwF/wQAqDXw4j/HrguTQie87QI=","d3UZKyrFB60T9jDtb238E4RHQhpi6K4l8MFzveLlGvY=","MGrGY7PPi/+SO/lz2FE9TlyJpVlVr7Ih7IcuY4IfqzM=","Jlv9D1xkal3NyLS0+qcMkFOUpPIk+E6j3QjQ321A29w=","y4mtk+P7k66/qza2E89bj02AptdL8PwXmxI9hJbU/w4=","oladZTRjGcvBiJpku2IOyHO3jr8i85Ca+ofhZeM2Tfk=","diMYuRLRYTgUtlGuJY3BwSIYumw0fVaqJS2GHCDmZkE=","l4bARnoriQvYzECwdDGD20M2+HCCh//U7KJD0J2ds8M=","6ZhKzb5ZZLyI8rhQXW8ARP1ANV8MLB2RN2ilAOm8QS8=","+yulKpirj44rXFMJTLoyUqAH83zomHcPIRum1dKHwqA=","S0tYqcP80eUQ8kpUMVq+gHsVhJG2YN1yqOx6Xf62j+k=","1KU3uNL/sJ/XKxZEfqYltPnugKRv6m/I5sp1B4NqaWM=","TZgDrqlTG9uHD5bS2UWBdW+lWWuQClekLsm7I3oWoLw=","eN3Cvbm57TjTM3SKXyoZ9in2wv3NFjxjChJoORKM/7Q=","S+d6L1T4nBFNoynX2SwkAq7uvqnHRis4w/nIo0kMi/c=","hNjy0J6XtHh3J8Bw3Ju7F6VR+2t6LnQ9WQzkB8VfpW8=","wwAzLS3k314gZ8dKbEieTKWhGTW6UwoENDQPn3vbuL0=","wmcVf/sgSrj8AbEI9HRNAk9JDwC3pf1EXn8XU6hiWwo=","8G22XhvrEbmyMX1iY9AxUYRomPwT9/rlhXAh7awCD8w=","Mj41Oy7uIHFhs6UWoUXXAXReqjGeyTBYCQgmdCsR9kw=","qWYtbeCtJ0s14X23kb9mVZckcxXburWHNcCstm7SiJY=","oNx9Vda71xrTjMzG8vcw9rY5hDL5lxXupanEtNxLxPs=","4o2cDDOiYkqQ1XtGSt/C7/jJC/vaTick0FPjUll4wI4=","6W0XqwAbjLVVKqmMkVIN/UVV0UITStGqv8RqLzyoRWM=","K8nYTEWwxWckZAiK6VPL1PSRGA0DRoYJOUsSWsaVCl0=","k4yJ8xIeWOyvAxC0vHPFxx7DI4FDSoPileDb81sWd4c=","JkwoUSR3o4izqoYja2JT6cEw85+hYb9r3VDRKdNCNaA=","Qh8GhinE6QpLJmUXILAuorboucsueoRPt/S07WJHdQU=","78KBnjtOvPcC+8Fsbnc87m9V8YYf3U+O4yp/nPF73w8=","NSfezx5HEM4mddcgd2Q6NRgxF+cGV1KM4H1FDBZTyHk=","PvVcxA+EtbljtW3gsbyIFPt73ymGSvm/AuxX3UmTe6M=","nrRw+mG50s7DHAltSbs+AUBafvCCzAgoxne2KIF1zIE=","wOF1QkGv4Rjerh4RdZRj1TPIg/vqUJBsAk2IrilZP9Y=","DF0Ph6bzX3ROxHZh0jAOn4JZk+13CyWJPpRON2lWwYI=","DdOWQ92f/med+xchdlvUT4G0WME5LrqceEYJMf7NqzY=","4mCpwA6avy9PSip4o4zKBtQgTOlLFB1xveDLheB/qlg=","CiQ92StTCKrBtaW1EjBkszGZb85hluzEiQVdi6EN2co=","AymiMwrOxOSQGjMGuZY0WERbY8fCDBO7JYhwWc7/aq8=","3hglxI6pU0znuvOmjfTWb3NZjELSJzEYoOoT7x9dEus=","GssPIFzils6XSJCqBz++LnkgHUdGOYLmNf5uQgJcWtQ=","KdvOjHeSrPPczcUquPVtS3nkIri0pjVsbIJxILMx1iY=","0mYa1phs1/95YXIzDCcnGOM2Apobc2zRQIb1ZuR0KrI=","PsG3TfayPHIgigiGKs0/lL5MA01TglC/2q45l314guI=","v8RdrkMvFDDy2qBGY5Q1psMb0JztPhHVblYkyRCQONs=","ZSiq+OnC8OurCiGE9uS1vtKOX6q7V6I8WJ7w8BusodU=","n9NWkilkgZtcbJG9N5PaS3YVfnXDHIpmdXtJEeziOco=","HFhIUhAl5pKJL46UoM2PYzt+Md2jJihgNJ7pvnrF9qk=","fJD2N3GsUvVNDoSlqTOy2k7MbXUXenuyERDEkNlIhEc=","BhQIMYI1wg3CU8IBVppP9JOQusPhDvzATZDu0LkRRfc=","UAQ8tKq9yZE/mcFEJ6mLui/CEpW9MXVYcYezk9RdjqM=","WBL/UNpgEJc9Qumt3R3FPY10qXTadDgkb9XLJYSJbL4=","qi041OxYey4BVkRxa0NQsMgjME10D6zwUp5WoGe7hJc=","euzB4nP0ygOjn/YMzCCk4Weyd2FfCQlGeyIWi10FpNE=","z94G5IkvyNlx68grQa6Q2z82ubM1buvp7H346TpUY9Q=","QMOTCpYRZi3OrwbwfpNIJCXfyJkXTOtlZ2EM44lCBNk=","5q1jl0acp1MbZsWc7BIu4qqGeqs8NBroWAA+BTA5TBg=","6c3EU+2z21pQ7fZXKFS7KcnFrQblknk3PBbKGCoMjf8=","JBV5YNDDdxJsNO3BMY3bEUUFNVQaKqnkuqOBjk8EwqY=","7hlSnx3U1mP+akcXGoBcoXnMlIHCXa4AXqBHe7AKYzs=","fNbLevTThBt8PPEGoAP7haJBAixakUnH4Ze0GGipN3k=","XxiXzXsJvJhUZ59A+N6Ck7jTPt1LPD1pFMLSBmf8dU0=","LvWkCrXbkgzIhhY3YVOT25/BEdWYdd0UsfPkCNQSESg=","bZkJwyxZ9qpBDckBguKoQQc5XKpD9n9GiVDG96mUGaA=","VxHqCyg+l112m5IGamxUv/es9XcBVHJGmbu3E8IL4SQ=","olt7TuhbtNXa53kRPmJsQ3j3I+QflrJ7rx1Xem27QCw=","HJNWi5pj60uQhTcn7IH9PQ4H7P92LQwTQGV17e2bHzw=","shUyDHm+I/63ZVelXk/IGcYKwQNZ8AcvMalRylre+nc=","G18PX2ZTPph87vEC8tOhNolvStp1Tc+hXAqAeKjVYKo=","Nrpmhsigug81WnkWGQaJobU8KkBuBJLUiZfsepVb9iU=","Z7RA7j4x9wZ7vA5k6TmqIeGqs0L5v6XLCHA7w/yIZt8=","H3RWoQL77Z2qk/FfDwdu/dlPNeLShnLpDiY0+u0pnqU=","B17LGfiJKfdTOqqH/4bvdPlA6d4W1xWUwTKE9a1dZhk=","kAa2IBzh1SW44e/9cNbGE1YmWDbOvG8RpBnJnTHWpWw=","8cCNDvulaEQJ7dD1oRgOBdZp6t36cdssMvv3Gd1eBZ8=","Gk7LjGMaG+wn2yeQ5zlHd3NqDTNijGrTg2XryKy5DGU=","AyedgOdVGyRg+GknkTJRdm0jBbwquDSaDllPchIg3MA=","1bv79rbLEzLjpH+NvbBCA+OwwMoNXWJGeFbzC3qoK0Q=","TQxJSgmtO3LfGu0bCf8yGRTvwPyVEOC1YZxbs5byeeM=","f3PnGg2DjbWaRE0fMMu932h3vndm5Itq8VJr7E928Ls=","bd9rQzVHtSkPXVXDS4hwN8SNKGdcGi7wShMsoBM422w=","VPJPIRMlFv0MN04FTs28eoKYQdOZdk1WMibAJr9VykU=","1NuBEr9kT2UcG5w+/Xwdb1oxtn/SJQ82Qmq7sqlv9Ng=","Lg/sHfKfznjS7ey6TCLWiWfLnOzg5uxDCkv841ilbto=","aGhxBQdK0ukTFfn/YZqmXYwNLW/TLFAAsIkhRYsA/Uk=","BB9ae3DNA2vHj12xkduv8EURP+fXJssCpVg+U8YdxJc=","V5Ejup1BCWILuyEPIP1TbtXD68l5VrscP2iRRkloLtM=","wAuIlqDQ8Pm7HAb/i15ohcez2ClbSIWVRXRKKJw8BD8=","VPMv64zxlfiaVUJdndWIhloPH2pmMfkk6gP0ZR6+ceU=","1XtZWYPjkvKlas+NRhEU6eANgOSfQwMMSDa0wdL+7+A=","jLwnQW9SOeV3qJlK0Xsisdbt0HC8q/ZbiwV0ta9e1PI=","w/paQvr214ch9sZqQ4uDlYCxx04TaRXlgAcNPwEkMo4=","ESxXuPbmeJax2D7tpqt8GwRgLfDcT6U/41P17uBNNIo=","2RI4JCbj3brulympjqhRWb01tuVAbiUcyusZx/OawMw=","oIeGYMt1mbQTOhomZ4EloXrI6AvGRy7qBXMM7YVKI1k=","Kza4Fzs7qUZzRg3To4uOBk5l0ELyGZnVC/yUiGSNIa4=","IBfecdKwK54WfOy+XOims3cvQAbemQZP618ENMncvkY=","drZBdL8Jeo2Wxqdyas/tsPwhxIki37tYhaD5rEqf7fo=","O6yKmp4RlgEUMbqiMq0cQw1TSiT/loQGvCHC1sWFVvk=","rMmsQsV8HGMq2OT2jUYm3soyy3Tm52VNcBOvucXUwHg=","wtCCt/3Dv5204x0fpaq7de1QvUInKwgwp74ksrpXDew=","HPKQQBpIyJdEU/KkEMs2buna/c0WzLt01P6vTNNFrX0=","TzfKXWDkl4GMIMXVapSYZpaFB93o+XqV12+vHWNnx5M=","s6Kc/4/0fbK3YTEp8Tpb/qfYGvmWpyxak2ibU5/wrnA=","5Ezryj5Dy+EgCismjNinw+jKJIIhQ5rPfCpXMwn6p6s=","mTn0Coy2fJfIgvrsODvGtZP3nCGIzH9qaaPJqXy8ixs=","pfoPDNJhQHyLA/KBvZM3QLuMkrZaOGNvANyDedvp8XM=","8rEnbR3iWCwypA1tLtg09Nf69Gk8BHbSdCiWjJWfavo=","Z3zFIfrB56h2nFCCv5ZDEv6JSt9yawRduJSX+xRyauw=","VavPfe6KJbVB2kDdnPrHxnIsWJ/3F9gOdFR0qgSl6uM=","fBAvzs+3MTBzHrW35Q5d+88SkZUe6RbODyTpXbBHOSM=","OIGY8VLzdvxZZyoIYZR8nzO0PyFqiCatVcIe25erTEg=","n2tv+Dke48cKlAFgakJylJKr2ukf4SR6S3DU9e1MH1U=","whs9vGwLmzYWCngSLcYF3NyVD0ZAC1Vu0pqMs4Y/xok=","dFc+6HCQ4OuSjlwQTFcIHf9jFA3lb40c39ckfLY0gbg=","E0FzkpMYHDI7TJNdyVDaJRVnDSLepM31WgGxKeSTOiY=","MKVUK2p5VdssZ4l42RESleaiV9uJ6SqKSJqSOW0LXDI=","JIO8Btj0py1SD9e6dQC74sHU2c6LUvxQDWjJpF2xxGY=","+6V+JQL3ZBYCHyt16AsU/Unq6w580vi4zKoI2Jzh+dM=","y3i4YnW7ijcl3CWWB2RqwNSZycZTWJm9sWNSUVMo7fU=","dln4Vf+qV41mx0cFgHuxXUUyBkVtJ7L2KQ5cIikH4Ao=","u6EjxFfqi/nhlyhGy8BWWINpTogVCpPbsJSYHxgBBXk=","DbN76NlVf7680C2q5lslWGpVjDBQJsskIklENKG7S34=","orpjdOUiNFfIWUevcd9jJe2xaRLuZNW0qT4O6bSkL/I=","9jt0Z1TZKKUn2cVWEoQUT/7RRz6PZO/twO4iZVFRHjY=","iwE4Ddy3P9Lm2bqunx9a1IPjcFNPbUct9Y6lsYjn31U=","OQ3wAOcsHJfEMdafdsDZ6qAfuquJiben3gjmgStJ9dk=","vUsmNL4yLXoTNpCgpXOKUfQDmlcidxCA1a3MXlx5v2w=","Z33v9/vuO1+Bw3zQuGnkwctghyK+2R6HhbxR17Wx/6w=","DXCxfwh2cjBiWgRPMGmXMuNQXV09O4GwAgLFCT20q1w=","e/bREzTPclcmedabvrPbuWvu/YDX3BVDFUOsB8uRMzw=","CwKTeKTh9yYKrzOGZwA+SG7ahphPbb2InMByQW5R28I=","EFUQYPNrJ0bqFE5kqHR3UXoqZCMtwgeDrF9NOopNbTY=","uingW7fDiEkW9cDbqh7liWeEsXR2KEAlYobNhUbPrVg=","WZQ7lRN1w0itnGHhpwWz5hNI6bllqufyhehI8a/jKj4=","8vmkFwLl7o5942CeSuj40F/0Cbqhj5EdBYg7YYT65lM=","+HYuW0hkHhCQI0yx7+H9EII5SFk4fkp/w6kzgdZUcPA=","9GawuDFCfUS0d+//cjZHXq4sCLbszoRlD9+vsj+Ee4c=","X7skcNCp7+7xiLSr7sYbGfYorCgNhGW8xPxd1R+mGWs=","TIFf57PBTJoLztnmzInGCgo1la3HIy3b185PW8GGd/s=","vv8NFrTW4NtDdYyjSQ1XIhShhWm2EUJBs5Ec7u9hYMw=","QqOOaiuTFpzrzZA63VPq5sZu4EqfwXgWJJcjpMkH0HU=","nW8n7GxsY0bK+Bo3TGE7/mdWDt67uPzShvwjOC3kfpk=","Zg2FYUbqSgToaVl6ULZE34l3ChWxmlfAiO7eNzjr7dg=","UT5/NEO1zaTOL/fZc2fw/fnaX4w/gLiQvGPqjToOHAY=","5mjR3Dp3sHTTL9KM7ARS2ctX7GqOAu+mqLyLqNjz1OQ=","JDAuEWfqpTrJblQ0RyNftDjhPO9OLVWmLaJm93tliWI=","YdaqMBOAHYRxT9+5FvGbHrDFHLUg96qE47oYItaE2Iw=","K4bcbfQy+/lkEMApIdzTVdt5SsN3/iptd2l7s/8HZZw=","5Z51gtz5CPk/vUGujGbNS6/qDNFW34rtllVFB+Gekjc=","c7e/AphBztXat8EQkOjTHc1IJWd0soMkV3ryiWKlymo=","giudfiVftB3Q+KeM17TVWlii7Oy9JfHf9jwZSK3ZfmU=","tFgS75vv56XaVeXaxQuQ7ZsgLEaksk8POMP7D0S/luQ=","5Ra6xdEz6Fk3IhRVGvaPG7BaOSWj6yflkKrosWSDsh0=","+PaFl0ab4vGXupczn7Mz8ZQ1Rtyvkn8v7hRt/N0JlrQ=","TUNvE/oteZ7RVP+/k+81ZbFKnCjB2cvmVO4KjBngcjQ=","Y9R65MNTF3FOAGHSE/8PM8H6zWcxNQL4XSbp7kThARo=","z8Eufy8sK7hCMEK3sIZ+Dewf9Cj6lNgXeyA/AW7Q5QE=","gsyDLmxGai1gdg5m9ayubWn0wpZ8F2agdBgXYuD+sWU=","Kdo5JdI1VVdFG86cHVzj6N4rJvFnx3kmZqciK+X0yXY=","9pKBIYLwj7V6VICnt9enFkIrnz1Oa5skKttnznzYRU8=","jeTvGkiHRrUYg0vnagLoFUyjMRUQuLx7Vwo8JcZ24ns=","o9SFq21rboS99beiyxY/KvHdn4akqpgeYCSYkYSnxR4=","Sdwjb9FMqsRzAs0iw6U8oaWw6vcxHfD53oB8HuiYW7E=","C5q0bud0Gt/LKmnlHkF1z5fS9poi+CoRbeR/F9rnBmw=","ktyfypDB+qLFVpDfIYkljyKEqgmJmbgpEL0dW3LVm/8=","wr1muywPEZNZMtgfbfleTdW0Kn7lJGJQ7CaPfulY/hM=","FXaIOrkuw2qfVdvGVKIzNJjzxrjbe8hffFB9s5GoJGA=","ApadBc+kNxKPRrLa1kBkbvz2UTkDY9dPuBTbTE+0nEY=","lzYvvSdm8U8dOWyeOzTjKJ2D4V4vmlfkSa3uOnhdrec=","U/P0Wsjgno1iU811ZxivTFd91KFitWZVsKGSzvy6kf8=","q4X8QqpVVFN/cojZadZP10yFEyO8Y8XsF7NDxnsM1Gk=","DAvEppF1PzMU+hKM44DyIS5fEmOF7A1tTVz5AH2u/xU=","L8bn8t4nZDy2TOltdKSYJJd09HSRhVXIKa16TpKHgu4=","aAGRUGAVfY0roi6eYR4lQicnGiLm47YAhHwjf01/Yn8=","g0XoNaTKTV9Clk/tkxUKXj7HSEl7C6bsu9HD15bPrVE=","mUZbaPdcxvd9KKTCUO6zUV/fXmkuMMzX3+iYNd+BXDY=","FGBATf9Ee4UJlT7RCDX5VfpPobIGYQx3JpV0l+Fe2OQ=","hPQ2e5lRMV8lsXLbJsTF+XIh8geLdy+1HyA2vW2C6hA=","lG22TY2I0Qyx4XazpjF4LutjmGuGqsplvXLVElSJrNE=","yIgIywXERYCu0bAMzXQljHtneqDkVOUyiScUDeG99xQ=","D94ibklxO+mN571xjUS6IzZ3NNHgnmoTaPMfpRi+J08=","cfw+c/ZstSR72poR8Dx26tvAQ/dn3o2X2xdBbAQYpEM=","/jePfXag54LraPbbEMb6398jQDYg0B/UDll3nWINsW8=","6ITfba0vdg2ENKZewg1ZIDg5MMYVwHVl7jfcD0OMcgc=","Bni5b+muXwU4l0ZZCO4MVKI5eIhwlVxwDyN5MZWQ2ww=","GWZZIwpC6NY3gFoxTTCE0pIz9nyRViGajvBcaSGYrVw=","rdG6xUE1SNQoBo4M26Yrnqb34Xa9p/pWJE24x7ir0bo=","x5PMFbUE3Z2Impexc13JfQPIOsCfoJHtdBOISZi2hY8=","WhAEK0y/R92lxTH/84O8rDgnHAavlw6DC95oKctoEKQ=","L2TkWkIdGYfLWJDfMKyl/wInLN4Q9Rg1lrXVtJNFpZY=","I5rPeVOrbZR9Rec/zhKK3vLEwXDylOU+5HjDpxOhGgw=","BTJGnsInCgF5LJKLanfRAH/LrjuL7f31eJ+f41Chdk8=","KbT3SrdVHfupYM/mqdIFhr0ZzN8VAaqFxlFVnQ5jahs=","Vn/JE7eCqJJGS+u1ZMqzBJhRPfuXmAvfJFqNkUQmEw4=","3ubWNaU3E1VAT88YQdLi9Rrzo3IjS94YzJJ2LnLiQvY=","t337g5QdHkjK6VCGF2JT25dCOkvJdbPxseRoLhvyNCI=","2P7/TJ3BlStMnn9Q9z8QAPMrgIi7l0uLleJbFuzu8CA=","lTJqV6GzfTB//ERQ9P1VDuRG3rsdrJBxMz56SNsYJiI=","geigcH7c8dZ0MvjRFsD36dzHqqY4+sO+34e03QICsf0=","hRNi1ffubW6VWqimjQh5NQOiXGi+3M+e5zbPajYV3JI=","wR6Y3JGqiNPdcevkc6t/B2MQwK8rTp/dEchkKy9gfOk=","zMPu4xX4jOX94/mbxqfBryidFXaCvkNLxh4AthDh+sk=","5onzrHkf8lNOva8d07wldOpDS3zYTLvRDhG+3lM7qUE=","k5yr9q6s4fLFwI6l+n2vz12jUpzxrR9Fa4b7t6g58+w=","YI1S4c5oPfeEdIEO1yflmlOMRPwYQ9QzT1Tz+T6QRwM=","5F0VG7DrsV74mi69Als8WfLsbvdYCIk0mJEo21hDQfw=","qfGn7XolSdD8VaKnXUHUtwu1eh8bCfxcRmFEABzita4=","rlp19J/YurpH8Qws3NdDnryE6Qsv6IDH/y0Ho2G4NmM=","UdLlkyHuCfmJyaF11HOSEbjHhl1JhDb1CwAnhRBYqZ0=","Rc6Ww+Bgef4ezl8oM7jZF54iIxdIf0PrnKpcDKpoCsI=","SEibeIiNhK+YjRHLrAECWsV5o3CfgHIjTETgMnO3Z1E=","RndLJOX5mvqT4xFh6dX+d/nOHfYYwBJ3vFy5NBFy4gc=","fWyOL8le8Tlyjsdi8cZEHDniiHvW5M9Hziva8PBP16Q=","ZUI1I0UquToOPQqcC+uA5zR+GD6AFTkwe5ilzykIm7g=","pz2+rN9FyratwzltGif0850yYR37KQULnrtO4GjGOac=","jZPWw+Pd1b2gJvgPXQHEPYccRnkcrZjwfqlYLpIw1K4=","dVZhlCS7+4P8ZIiW/A8IQVwGt6/dhnW3GX8K9IGOJQQ=","wMab/JqUBHQFRO/bCIk7jEFn78zA9z7cumdyMyLAtr0=","ZuQT778gG0GYn0tBemYQkIbkQBTM+FSQWkTsDNBTYAs=","D6FTBWln3ng8UQIoFBBl9JX1w9KsT20WPMJOJ2KmWqY=","9PT4Yp9j69vHmFSP9y+RT5gTOMcDX4LaAGXs7wgH5Xc=","koc2jQ7yV/L6UHejh46FB6c66WxSZwcoczmmns9Hgqs=","T/EV1YrPzMtLlXyu+qRkX8z0d1PQcDckKajSvoYdHAg=","WgvWpM27fQZAcA1uExEI3crXT0gkFwARPwf8+De33EE=","YVJqCsUpOuckLx54EthrV6jF6HHQklnds0wix5lBMIw=","NBA97oM10KHUCEYsSX5ot879cngmsN+nNlX3SN8Du9Q=","eEJptt/OyOAhSKW2DwUTgNLlQPhMRnL7rL5W+7vkrQ4=","rViwBpzEcaGEhAgfXmBp7Pc5wKKgccKmIk4vLC4y8EM=","hKwPL4z9Ulh7c/tpzZWr8CAfNq5MxjAMeESzHNzcS4Q=","j01UGxWSXZy0x+qH37iqk8rM/KZ/g9HaIF8jGYdXKZE=","PutfJfPcJs3GoximhxNgQAcettKzjqYs8fzGsRxKOqE=","GfyeeCmLxXlogdO8z/FlNQq79lLLvuCs+7+SJyWMNYA=","N98ZEgNjWjzzaT+ouWl+BjRa2zV0xMmuJlp+JUyCWiQ=","vZ4v5gaQznupU4bfe+W8dQ6Ib2YIRdGk8pm1CJv+zgM=","ssbHJzfzps5iO6WnKL5Q6hMNHPOqvICU1uHVAQbi/j4=","W8nJHA2mWCXm8YEWE62mjUZn4a/SBelqt7bZCI7sAyA=","2/R192VPQ9z8CHyEYOISqhulolAT2HP93iCrGbRRn1Y=","TyZSYMCsi8We0ddCvs1qWfTBS0zYQYjdZgI2vj/oIyc=","Qx+++tgXyU9uN9siJFLRr5572vFlpW3Wff14hH1QEKo=","svXd01oa2Za4p1L0DMv7exHHpZGGdUF2I3xsR7VTHQk=","BciRL/d6C5/ubK+5aTd5C5laRhhD70ykxmum1hrKo7A=","EU3qJPjyzkgN50em+RkpOGGkBkT1l/7f4DJ5L9pbEF0=","tJmBvncObgQ/X8EeFosf9oypl+YKEBjXYh0freSoWnc=","vYhFgrlTbZ8v65s/HSnzwm5Kx6kTn5ZZjeR7jYuK7rQ=","o0DbJXP0l8iYX8lUz6mBDAnHZuxfxwEq66AmH44Oy4k=","9VaGinB1shjB/VExOit20SjSfMfLiTQjZvb7vd6ofnE=","Dm9hQ61QL2Vz8+UZAYJeR+kyTysq4z5q0zELUK4D7Dk=","ZALIcy+Can5UjfVAKcUW/gCZsOm3FPKD2JdwTSlJcXE=","IxMMeE25+g6EPa0P0mPnf1OoteEatLdxkHWuPBnEOZQ=","lpuD5paMf9LoH0aG5SZHDGrBfY1GuSNS8T7Ph21ApQE=","dFjR++ZFpLQV1QXknhaksgUNX9oEWzD8RrtMkxkZ/A0=","4xaxePsXnrOtwfT2gbAjq6dMHMmhsKLxiouuLviAX5s=","7F4MuF/cS48ot/ohtVuLpNHJ/hZiV6AD15Uq6gbzjW8=","vNRF8510KpmUdBXyyH2WLfuHVef0+vs0MAaAfsoIjaw=","+C18Q4XSPdSZU/NiF0HfUvnATpADaRDpvtEg7OmnDC4=","SQ+pOb+EaEq9fOGMm4KvTYZ/qmpG7m8m1zvvkiExklI=","4r+Ien9+29tAGzhU9EhjI2bb5V3XbFH38XqwH34C9r8=","P2cQ4KtNmKh/NGcB/q6gLoC2MN2Cm3P6zpma0NdRQVU=","tBSpPPXHD+1U7WBFvOJ1NQ6w+tL5aw1LXvrA7Px87/k=","vON51a/FbUN+W0KnfYbAicwGyyScZG8LByFcOnrBtbM=","rwKGdM1CA3RAS5v7YyfdUgKxfUk5JhTIGnqwyK5Ovxk=","9XD6bwZMZiaEKejSTkB6E6AqPvuXQOWu33C7OnO84k0=","FNrQZoiI8bb1ybJOdYH3qP2cBov57o7PB+TB6DY5vXA=","3HWMJRFPF4M9Sd5b8Qixy6XXAtQyLuVcIlNvqcOjvoQ=","sU0svBc1GHfYPtiNDU4A+rbvIfkF8MK0jE+TqWp3zCE=","i5L74Q6uNNgjFtS2gymZ+seSvYo/5Ko2vmBGy+wtLSw=","Ii8dZXWb8q/mkG2wKkdxNB93Y8kd56vGT9+uKucV+Os=","8BcnE/zv5AVRKX/hIzYu/vtmAnhhwPYarx8vRO5ie8E=","RuCLijY6kbQ/JYSahnN0ndumCSrymW5hReX+1/iA19w=","AwcKXq9ybeX8d8vLC2WmkM/4Ir9+0q3fgGJJ+o5EEpY=","mvf6LXNd+xaye2tC9iNQj/WWL62c8IQc399fl7tFG3c=","qLw4sciantSFvq8wPPwFsza8GOkRUSJCw0dZhDE7aAA=","8D69H0+K2r57tf0vH8fJaCCa4wjEwbkhps+GgFjwyB0=","ZujHNVSNGWj4vKu0rmNq0Y+idlwpRIhX89GLoGmYh/s=","azizy3r+ZcAMVxrCEz612jqCvwgQLaCdPKTo6NQnQUs=","VmXJrUd1smj0UOAdIXzCdUS4EpEP+nSZu+ITwZH2liA=","BlDxqY5UQ94C4l0cwpIqsn8DaDOEYQkcQvQZjzl6YM8=","xpsxdIMdA5UmIz3LAaG6PRDKEb6vxG9G1XV5VCXepfM=","o7ML+O39dSoU6HAD9F1WaWXxmYedC4C49skGnZwy0qk=","NYeiWw4dKcfGEzy1/whvfHToN0KFPPngGsIfZAlK3Uw=","4hxIkFaepRJPaHDJuWjbp6w6LMK4+/Bj35Awof/Hi8s=","mcSXR+awgBgtn2P2ph34YS8UZqRr7EB6uBZz7jJ0Xz8=","rNpov6cBU0YdGf/WxJZjxDhbK3j70+C96Bnf4Qyseiw=","9DLXz1DpRLVPj0uZuNFtY5CEY4zIa1Ptu3MkeagqY9Q=","ZZykQCx3Pg1c+EThXYDIKQ9TyJcfo+sHdjow02QBC9Q=","L7pKSLz47LVGa2vgJzxjdu47BtVkp13ZvE8fPWWaCyU=","yxy1d9UxpKqLh0T0DcObeLKLiTac/W0DdDwL+68bHRw=","WlxPFd8t+z1dYhRnqq8zXaZI1lLCtGwaHJHR9o9TFig=","Xp14ezJDz2fzfbvAlQUSF1WWVgifKWleodMUH82/QEc=","2cS9C5MpiWknmJss5V6pOn7KM4lHmxytT0LQ5/DUaOk=","+yowdCYkpa7vj7khSFvDOfb9oMhUfR/p5+Vh9sNfosw=","dY1QoVXBUH2BBw9mvqYoAvPfm2TjXs4iSCt6cJIZSHU=","JtzfXjcH92wR3voqz/7mVnaTTar3nHbW2NqND7ixgyg=","MAGK6gCjDcoPJlSlW88YJA6sqD43B64xSobTeRvQOpw=","O//qsMfSs/C+imFo38CuCbAtG3VFikUAeMUe04J1PYQ=","HAHL3pHcWCNLpxw4RBDUDTz7MOiBpgy8TQDewdCRbS4=","wcY2WKgIqEOfO8mpZjyyAwwBqLRFNLGMkTeTVkTvEjQ=","M4gTM7YbB6tA9YBKfkqBnwNdTTN+97rfJJ41Gw3QPbo=","GL7FxGJWYFlTXDUhfnaFD4rlVb7U+w3aGcl0W4Oj99I=","HpR4P/doqkoKf338bUANhL96N3XD7BT+aJ5cK7whtzE=","vP9+3D9MWsUU4F8C/JVXzqAzacRVvMpTSqjSjchIAgs=","1hO97XHDAKCr/ONMC/DbgST4sAtdkS7YAy+zFywznBw=","JWjhINDEGNDLyCQ52u8hIjuU7VxfWQX/V8aMfzIJ4e0=","Yj6tI8LtG3+RHY7pwSsK0Dn7uRLFl//oQLYIdmMWnhk=","oGi4sgRKdyQZKBaARrk9XPhsOQRu0IabqpvNOhsVdOQ=","unGCtVsf3wLHta0Bgl+XCgL7NkIvK0R/ebV1zGFoDjQ=","80XwJzZfvxU5IhExO9LngW4BHFahQHV2L1wJFKraAkU=","ioPSYpXMmed28Nem1Uegqi2NvpV4MjDLdhhVKMaXlkc=","kNfb758ZvGrYPaNAVUeVhB4SjSfhPRAfdAAEydXaQqQ=","+XDH4qLWAVTduOQNt+nmRowt81LYThzNJnWTvJKaAjs=","FM3vbHLJpkaqXXhVi1DNLpndeBJTEjc1anziuxtwrAw=","S15nKNgUyHaQ2ogyOedamcqZntRPnbiPGjp8HPzsaXU=","7jQ4AJ3ImeWEC6KQX/wvdvvkCrFjV0TDUqtHAbpYGto=","cMkHUUsWeKqxZMVcuK9rnOJuxUibFh12Kf5Qj1mxNZ8=","tUJTmTfpH7L4nX3rH/ZN2IUWo/djJQcEnWOv1LolI/s=","m30U11hf3OSjdOYdIsgdcdDbOEBps8gFHN7Rp3kykOA=","wQcFnP/cqSaIS85asyqtguK0IoGcFpUETbkUkogRENU=","JZcJ5oFIRB9R1MsCqJhT7Dna8vMqexSxlRhhvnuAu0Y=","RksPNj65XBpjq6zkmo7WX5BfWSXRAisbEMqICMuuYQw=","2JQVFtUv/hUWzKelA5VnfFl7slRgJpwegtw/VT4VlMY=","mKWf1P/MmZFN/GPRfH/NL+T1IN8NQCf2XvfZC+p9t2k=","BIXc/AyDkTWAZaT2aPIrbHYkVoF1u4Smf4bge6Yl6zA=","qL9EmtCLrLErlb+bdORdSrc8e49JkVHTozQU6HvE1FA=","AloEZn26fIRe6dsZ5pZ/pJxrn5HuHIgt+HWHVsUvboA=","3/2pGw5DQjZaads53zp8xMFKgDENWpQVJ2grM+2qdQ8=","YqbUc2KSdXV11jNgIBVN3ETfqzSUlfmTx86rEVyy/ms=","I8+3xNnSmtLY0V1M+Gg2U8vJLEAy2RVANY3B2pwTeCw=","woJUdHez5v9oC0odrvwQ9xQOfSMVLqmW63b+VK4LZgI=","zd+pj1NhnCuWkyOBlwvNN/p2XaBiGWp8tFFZ4i9d7CQ=","2t0z6csHih350ccXDA4gJvwXyIvSI5EYaEPZI4plJ/c=","SRrvXy4iRkaR3DV9CcH4BCC+nE5AkCnx/FBbYC4dXaI=","SFCc0rPMbOMPg9LWyWP+ddZfV9lB2kQMSwy7x/95cFA=","Hp3ZxcqDVusg37RLv1cSar7mSEnmuX7RDME/m8ocP1U=","uYxAYd6hIdCvvt98cMWNBqVDApk+aLOidOUTY7nC0zQ=","XiV+8nUaRDfuXAlGj4X5KNS+QGkp+VaVpd2IcGdmHKs=","YQIDZ7i4JWVi3GBjEgXnD6Jpjag/SRA9AkcKnbg4s9Q=","Z4pxfo3bGXCp0jwGWlyrCkQpF+UEOC8ePpXlmdxnkLc=","YzxtGEOvaZKnaN+LZXOqkPRq8CHq5yPNrLqq0/djBH8=","ZajUr9UHMiCyoFVWjkMhnf5HbywrIo7uj2LO6vCIk3Q=","MifHVmIj6CswJQybmLVidJjgvaDDCDUxCX+3g18SiGE=","BHzVwARonh+Nc1I0qtczhR1O7InZmaaWwce8JAjM8sY=","mRR3PLjtbwNL8fBzXtx05RauP9EEVTjQCdp8rki1ZTQ=","dSQjZ9u+d7pgSSn3jlErY+A+nPV+YSAf/HjmQwdG/IE=","rARjzahwDIac2D0TdB/vHVmSSYcpAoCp3b8/Qm+hfEU=","Ti9VoCATlAxtlob5vV3xWMCS1vv4CXKyUXsrCdHFrPs=","hWG5hTgUZu8rWzoRnAWq/kyYe6N861QJM28SrgK4zow=","VC5XVgecEpPIXA9/mFSCEGM+wa/pW+OQwprG8E/molE=","oEL+vaySn2cb0vGkD5UhmKwGu16IlE9CUjkLmgU6GiI=","lDHqoOY4H+MHtEMvH9aIG2K7i280ls1Xnap8LfHpXwE=","erd+TuyjEQOm+di7GY6EbneBf+ZP+04e71NqOEwofbk=","2S/RCMQYwEM1JOY5TelTHxqxs2GBV9j0XE3kH90y86M=","MobplsB2eBtPk60ENFGQiRERSmBDseBhc9ARr9TF9tU=","HFuwEyEZOLDQKRxhkTIx8vMigqm6Qvu4OIwlxNyIhks=","ALqoUNukCbnNwldT37+ogKx/CwmQMEH8eI0wlni9amQ=","pc6KPf0XOfw5sBbP1osJv8zoAukbhxAHtuRRp68+QG8=","GMcGWptudtc4P+CSAA3/2v8NtKtUSlm6eXUUVIh6S70=","v8CI82AIm1YapiU6Y/IGgK1mVLGg7mnaibrfZsitezQ=","5sRwkDyl0BmmqWD3upNii04ppP6b5A5UuAl6sPU9j5o=","LcCZzLpOXs22aHAyEVAcLJljSHQ1nNnuXdylFniIOi8="],"block_size":4096,"path":"vendor/eslint/eslint.js"},{"block_hashes":["24Py7eZ/Ns+rHqByHqLul1FYY+mmU0aIHzBeQwRRzJE="],"block_size":4096,"path":"vendor/eslint/LICENSE"},{"block_hashes":["2OzJE67HFmwKeSveACqyqI85jVeUevEponAq57C3W1c=","cpmV/g1CsDvU72A9MeuWSsBhJercKess4+mR6b6bDJY=","WC92NkuDlol9GW6eRCWqmf8s62PaxpymwuzpvkeufiQ="],"block_size":4096,"path":"vendor/jsdiff/diff.js"},{"block_hashes":["gmH+hZuy4YrSQjfRZ3s0a1tS52A/XAqxNMkV0S1UsB4="],"block_size":4096,"path":"vendor/saveas/filesaver.js"},{"block_hashes":["rN/SSo5akzBVMmsjWwhhH3WbpOIA1CpFWluN/TZ2sec="],"block_size":4096,"path":"vendor/saveas/LICENSE.md"}],"version":2}