{"file_hashes":[{"block_hashes":["kbtUjobPXHT2aFmRHYKAg7Jsxqf/lKhk+gTqZ6kB4jI=","wX5fjPSpkfH6YK3v3JezJV5CZFS7kflvWqlAZBwodlE=","ZQ5pWIQKfkdWZlylJBMQCKTw9qyLs2HuHOo2NLeyNAo=","SUNzotDTS1lO1CMHxU/mQcHZtazgqANeXXckr8v/YEs=","FVoLzllR0u8+sFZZL4ESh9U+dkR4OBzoYIP+Ey/wKg8=","Jh2Gfbh2ijhDqrLWDtsfiXPwkohmc0unjHtveZp64zQ=","1SjphbtxoCabfU8hQCCHom2AqLA8vA226ORk1lBzDDE=","qar5CEEa8Z5LCkJFwM0cvhKA+bWg4M3swBbL/URQ/XQ=","lR0P1rAF5DNhU1Ifvrd0tdCu0xREZMaU61hmEPR7S+0=","VJFh/UuxeI5eNXMuqAZLTFeeea7bOEt/ViOhoZJDVq8=","j47G0+rYmCpfJU84wNRQZSBBLO0TNytAYKhs4NVwIPQ=","3RZgZmld8P8ItpvlfBToni2sfLCEwaxxM3OnYnj4GmQ="],"block_size":4096,"path":"_locales/be/messages.json"},{"block_hashes":["96Rh28sZbtRguAGCrw9HbGQpEeLfA8beMIVADSLgIo4=","92epYTYT9gFlQHKKxzSs6WQcueJH4axE4NlqPjzF7Co=","A7bxyY5QlAIutndZIEtIf7BWACT/psyHSZg+1iT3nBo=","0FQvxjgW1ldCVO+bwPBWMEZgOVbcLS0vQccpEZDst/Q=","bnmV7xPWT1+P0AK8dECAfeQX8qhFk/C1BgouIAfYg6E=","/+cdkoXlG5iTpl6mYoiL77bWN3i5bBBdrlWoI1K7nDA=","y1slm5MPrdVmOC9FsHAEEPXeDVkARTQdO3vxpsAxa1E=","y53mTm3ndwPUeBW2kjQfGCkupfE4AW7WoodEg5X3ihE=","deDzUvuNgEujpSocVwCg/vyZKlO/Zz/+rf3eyYFa7i8=","nYr48Yerfr5JeXbg6sxxdzVET56pfNQ5bc/56Aechqc=","M+dUaTnTiJsmHrDRUry+OCyAMpxgJ4bCUPcV5kmFAY4=","7zZ6W4kCNvgprQbPCfp17hiztp2nWluQXx1EJTAQu4E=","ZLcuav+QWntckA2Azmk6GhdwxD5IiR9TYKHCpgnRft4=","9HskxyUXOZL8zxd8A4wiKos0zsrGscPKv/tIpUCruZQ=","uq4OoqOKK/lHPkMdgvtI+p2Yw2CqEB9dRzMLzOun7xA="],"block_size":4096,"path":"_locales/mk/messages.json"},{"block_hashes":["1DvT7NPHiq8E4M+RWTAMsjLUhpKUHeRTRyu1YBYyXzM="],"block_size":4096,"path":"action.html"},{"block_hashes":["XkqPbEzWWOz5EqpqVSIe4JtbD09GbD17IzzLWlsePdY="],"block_size":4096,"path":"ask.html"},{"block_hashes":["tqVRFUenBlfgezxWnQqyH1EgoZg7Mvw5WNVu3FVCcUM="],"block_size":4096,"path":"background.html"},{"block_hashes":["x998VCTgqnuhd4BULBaGo0PlY5Kskamkibd5dCXubIc=","5/+BmRFUGZOeYhNfcNCGEpxP2LaBcCR1OiNRHhVuMXw=","ns+8d4K9b1BUota3tOhKCTmZXPfrxEieSJQiKHZTnzc=","jPfMHSmiNGcB/HA0AOwXjw58FFxrQaYjNjOdtP91fgM=","8GQJxI2WRTY+5l3aGkefpIzAEAEhhvzTGZE2HDPLLFk=","AWRXYw4+Eyxj8S7jt5EQSDILzv14gjWQRijnP9xb3qY=","fFCzmqdqGCilmmm4vpAJcXaTT7JdNTpxv/h1gG89nJA=","RoJkJCz8xLTQYe6Hsnha4zU9y2kL28skpcmOu0/vink=","YOp6aWtC4/2sTNT/P9DdpVmV+ZZiOvEHJ1Q/JTB74UU=","I0Fm2bngjI3rLQDdrLnz1sMYjZqHzHBsvICzsnmT9VM=","eJ0BgKD9AdjHpyQHpEbnjbdomouriIhIv0A1xmhDDts=","p5CFAPyl4A4SbCX7DBq7GKxirtuowHwK3bRWEYMa/7g=","WRPa6wAS1VPnpk+5OC8LCrepCQ7jjP1ba0DipM/dOIk=","O53LHcHUv4/rj3zoNjbHdNXQdk7HuafRJmr9SVjQJK4=","ND0K9VwyadgRq2OfaL3a1RZKvrMTnAzwLQVlXmpqILg=","NJWy2/JlyGrBoRxHF/U2drguVUk9fJ+uOzkS2+bvdKU=","OPgfjE6M2BPAy8bhWzyzlLU9jGUYqRM6TlirKDlluVE=","8IxFz68o480T9/jNLSG+Ebn/CEVhrM3RlG2u/vklL8Q=","q2Q26SlYo59EdeaJvD/WBpeONU4vrfL8+tEz4Ib6gVU=","yFGq/EYQHW/yl24gBFlMKJhcZWObyxi3SC1NH04pU/4=","cFxjYWElTlbXvXUydRhUni16jTt+0yyJhLyrAUxOTmc=","P2VzL4ubW0rIvBZijRZSoH6l0RaDiqM51ztX31IeWjE=","RY+qegutRTy9S4kdyEsjziK2eo+XJohM6911NXTYN+M=","/ui8CKAoUqSHhUnyMWcN/nmHboFDInKJ2C/tVhfTdko=","OU2tN4cxCIxGldTAFG0+tFlNGJYJN16nQTyWsx5Pm3Y=","pWggj6DWnSBO9OfnUHSWN1jb25o/GTu2wxlo0T2zmZs=","ObXxvS5eBfrEmjurlJ6oIrA/MupV76oXsAtHE96dbQo=","6j10QbuTvmaav7AbPJHjndGwULvjJlpuVCyF71rxeyo=","woFLODJqEJoIddnb4XYxH3eVkuuAqLhAHDcCeJYppb0=","dmFbZt7rK/g1Pg824gjsvvWs5C+IcQC6I/d3YSuW/xQ=","0eMy1L9/d6Bx9aBD6XatuFNDoiUr29rdTbRKvxy8J2Y=","2GT6BFxj6wYRLYwDGiD/uj6DRCXBXvxVvpY92BE6Cyc=","oS73jcebSnLIKQOme2bAn80NRMhNlukkUgwdx1hDvpY=","ReqhdB6C8TRjSaihFnpMecjqfID5d70UfmvbBScxIlk=","onycoNMd2l95hC7eVoX2MHDEBI37kx2RkBIEs/lZ0LA=","Uxl7CHDiGqwCRMaMcQYdW2n8/ZKFQ4Tc+aIc5gvsANI=","NcOHRBiZDZQFTPi+j5Aqix3Fg03wtIpX7DBb2VAqg3Q=","0lX4ODBo0gOsl7co4AGSp2EBLEkzn03yr3MlfEdxENI=","s0z9KHUZRs2BCiwDGvcqnedRQ1ZpgnMZE8m6NGckrdQ=","D8JB5eL/zoZgNF/cvlxUdoZqiIoI6qVYj7WpgnmHZmw=","s2MSTgE08VY0CEzpFPQ4drkMoh9kv1IlIDF5M8SdB24=","vXeJyRMF8OCbmu9frDityA87by+zV93KxPJ5pSstcSY=","y8lL/Lb+76FYmbwDAzyMRJck+rQUetLlIeIw1ogJ8HI=","RWZThdt3Zg/Xb6HL3RSl76gMf6Arhf0tG7OekZZ59I0=","K2sJ00/9i0YZa6WtxWkgxPkCeir/nGUvugZgzLkV4dk=","HN/NNdLOx2KRWJ6xtgg5vwVwmGoz7tPK3aHCo2UjoDs=","93AGz8nmesxog5ZBbNUfU6npvnykLFtKtzIe9wArNDQ=","MSEos4lut5kSKDMYx5PDJwW+YzCK68JK+1WY0LGNEmA=","WgUoS6H5CfAvXttNEJJlp2OgzHRzHIsE50hepWfaWzY=","HioLLeCLNrHngHgjV4/DMxIH6l/wi3ajKy8Um1PJgvw=","hEHn9OwNq2ZLE/OFGhFu9kGBJk8OCQ3Bt/6KpGc9Y18=","+ZI+4Gk/edg4CWZsREFJzsAY6+BClJyvv2zR8dsbuk8=","04N+OgYHkyJ9xscz/vwNGjD4V/YP4yBILKYrPj5GCCs=","LfZU+x66f2uox73FHiCEtUqRZZCFN+Fh+t1hq2fTEEY=","qiNYXmDH5TCHNk657uNGNbZg7LsqJPRWP8BM+e97Od0=","814dxNHn2E4wu0+TuJ4qg7F02fvpiR+hLZYNsuAn4hY=","1sfEJ8cn530MLKZ0IRz+m3a5f03s1reAIREXbQWkg/I=","N1b1FHYj/yKCpsZs7PndilCd+2SP6XIoha0t7bq+Evc=","dk0nnEs2f6Y7WgapE5SD7jk+s4d/qeDEkrvu+E37vLE=","+ImnhuuXWHHDOdH+q090TkgfKwDJ6W4+bRck+gf62OU=","WbJy+H36QAz4CWR2JX6+kcKjXnCpQDaMAtwXxHK5zf0=","bEv97bcY6v/JYLlwJh5Lx/2b5Q81yoYc+/jlZvayZ0Y=","50opNHpMY1JxIlOE9y4VIsUU9KmQgdsBYUS1jbxb0ww=","pPIV5eUkCIzeKePFMDX8TOENuOXfQiGJ2KzcoZ2PUPs=","lVmvdk14JU/NzP+Qif/7QwuwroQrMmW21w88VC5Lf9s=","1py0N9c/h3b86NZvt37jnaFuprSe/z8oSIfDuyJnlWo=","tHruGUa3aT8mRT7eFE0OSyKQ5fFcAJ5J4wnunC6bBLE=","o9S/KTcSedD6aLx0reeX4+ajq4eGlYnzM8McoQ4yzNQ=","L+iTTB1Y/EMDj+tWltqbbnJtoSxokQxmnu5TM0QjS8Y=","6oD3HMMlC97zh0xoMVdcUwmdK+/grQp5C6Yny/xIBFY=","LQX2MUiAPCQ0n09GOfr6AwI1qlshmyicg1b8RHsiGjk=","Ede9LRTDWBg3LFyRIRUC0NN/SjDbNeMJGAIjAi7/UeQ=","9XScCZz2m1VpO8VmPiUaGCgvyLBJQCN3oGG0l9q24gU=","z3SwA1+RGDr1EGlig9n5ZowE7SlcgvNlk8xbi7VMcak=","noAxpQ4KIPpmYLjUKTm0ZUicNfwwLT7BtTnPEf2OTuw=","XXGjqxwDWb4zbFB7MR9RIAuQQjqIHCf0dosdYoifZQM=","HR0CbQKSYi0BLpDEqaRB2RgwXF2IUlkie3/d4nkdVKY=","hNJLI+/zBY7j94E2+QOypqk8DkNjIzvJtLLMu/ti17k=","x28J5YAlUPcyQADzvTdDYYTzlGct+EBmQ9FyNhad1dg=","XTeXhxQAEAFgl323dPf6W/VgypRl+4ZGT4Ya8osw/es=","KkdchP/WqYzRVw/1yv3MxJgcODCFm2Wb6PoqK6JeVD8=","S8Klai+4DfwVSaqIWlgwlopxYFm26vtyhaMAwo1LqdI=","2i/WtHHDmDQqhne8rXn9eodWVG2oatY6JEen5fIHpkw=","SC9zPZJLrLZVN/4fUSYBZCOuCA6gyzIE3kl/ZRPBikg=","ba3wLNOMBjnVcpZdOEfRvbQOfBaUIM6X+ADsgWxWVWE=","A68mWgIxO5lNb/XdKXMfE/PgPNW6A7hP8TVifXQ3ulk=","ja7SR15rwrNLEd4dqZjh9bx21eOFgevU6tIJu4vmhd0=","zQR4Wy5R0tF2xf1W+zaXFfUOMPjlEAj1wZ2z1G7db30=","+8+KesZT/fg1UtL6U/5QgVBLTpoHD2/ULHjCZU7a6m8=","nBYoG1VDVsqNP54hS++PwnA5kEc+OSa4v0NVnjLtL0k=","ctD3cIk+089JhnSDV2a3tURjjiUkcZZ6VksxqaSmcQU=","vZ5R4EkjQ73LsUOXp8kmBqdxtc12vkCuldZLkh2glKw=","yHo3JurXvvlHGATfzHLv25koaOh4JqQfhSJifkpUu2Q=","U/7726OTKRW3KzIe+DtwY/tnSb18Qq+mh+6EndUYmf4=","Bx+WOFmaezrJQvW/kYXPAZNVCKw3ZNZ3Xus22/NIz+A=","h4UEkPonbOyjgkCHmAMaemRbMvrhJjtPcwxYHN/eGGA=","1xKwakqmIpnLbCL8ZTRsbEbUPBHd/SPVhJ+DC3n0bd4=","aJ6sD4n/XS6HvM9wvwrVr0CNe+wtyN575orAQr37FVE=","mTxFfFf7Qn2Aws5cjMYI+aQeaKaWL7t3MbQExRoYCcc=","N8D9IhAQH31Etd/E0ggFa3vBdmSCERwsmyQ/6qp0X28=","vCDvTN2Dt8iSYk8TW5C+OyEpNUopaDnVyE6ViEEVZN4=","kGBlk/34YJr+fJCcHcWmRLp5gixIOJS+O773pB41xPI=","Ah6GnwAxwie4qIQunELByTQY9Gs98LFfbSFj61fzFxI=","hMAHu/Duh5FE++25n//IDfFqHkf0wgU+Ke8SItdFebA=","DwJYxrPUEYkAbT8crKgWew+7YmqkUHnDisKbMcRHYxk=","yFTuY6gik4XosoKU4dINFH/OQ96PF06l+06Ctvv3WGs=","R7z/AKSVyFIGwZ6J7Y5EjQXXNaN48GjFEUGAr7M6OF0=","IErW7vLrNayugI66J4XZikGtAY3SzsoUQ2lJvNy29ko=","UgMxuq6dvD22Ln/s3tnGDmToPc/gZAT0UFqnsW3XNWs=","lPTPdT1X/ecdL1VWhWM7nuItlewJI/K2tZQAgBitd64=","kb6a/AMQT/ksEVsmL4j9O3ZET6r53w56KKd4iCI1l6M=","VRJaN1L/Uph0wFFEfgfMfzuz4kVgr3E+/ikRTKmSvXc=","kqhagKja5h7U319nuEL8BDXASFlu5LXjuK9B/NQrVRw=","Z4Hpv8ZQysa0+PCQvPpiXmbylIIwG8NLtwqLlGBaTnI=","ruq6QW1oYRX3TOaqQt8V4BwdQyVuM1dJYcZ0Ma8i/UI=","grScM7aA7MtkpcM6M7zuCR8NNaTefdy0S7G/AOG4Qvc=","Owxy9dtmlXC9Uyl5RtvqfqebLnu3RewHgkVq7U8OWpo=","qJBUnqriqLrmOZYzD6zwZUUBpfVAw6lePUBzdkZkl/8=","HrDbgX8ePsDXO/xu650TKGzN3GRMkANQPMJq0EmFexQ=","wYAXA9evVjZ5FqTNH/MTob59JDT82lEV20cjvc5g1FM=","jzb8Vmjlg0M5mckeU2QXFTV1fPaF/QiBm67sO1vejxk=","91hmh/nNsvv3P61ATop8gd91LDYrbA3/m4qUY2SykGM=","mkn38f4P3fDQBM5ORH6Y2gnqcneXkmXyBOm6FzBUpLE=","K4Wlt8F50ciFuy5nuXlftLNLtIcOA2Jef/o7EqisyvM=","YcRbEy1Ap+y0DDxM2lZarFa6+tVMYR6jze81ql2I3YU=","wD1qD3NJDdDiJBe+S//jQSfm7fjAhMjuegikDz0pcvI=","KDxnLBG+91DBOi/V6JJ+qa8J3v72GzwkWODMTvqxRng=","ui4GWF0mMd25cleo0f3jVL5H0fDji9TFJAUA7sdoZ/E=","AjidRINajH1M5uFyabDs2II7ODUyqAhkNH4znowO+4M=","l9WIABY0X77c/qOhT2N+ZlE6iyfFJuNAtO2Ok5fu9Sg=","OW28QwDPaS0xqxZ4pzv9isbU5T3zHtVFB2hylpcfUyE=","3TqBGp9pJs1z8na1kTlPbosVSgYq+ZOpVYyw9TIr1xU=","r7wRMA72hZyksc/BbhgcISUyzYl0ggCYTHJ3X65s+wo=","/nXmYTaZUwPRpiBKLE+3/t7YXjNQi3MuUgzite8Kccs=","Ted7tP1MCxcaaqE7/XPxtLmGiFT4SMEz3ZlAKsi44ts=","s88PX7+KtrrMDOd6sp5l376qg8hA8vqPfODPMJWzFLQ=","kPb4ExBCOEP1FR+3qDkLIUrXFs5wwBgkspmWP+qTNxo=","xyrDZORPjf69OS8iwMRwJXcVNcEa5EkAtN2p5Xo0eFY=","aqSBOJSaGfunYGq38ltj7bzb90gRj3UlgiYcDJyqXgE=","lli5LgEftCHlDTViClnXTtE3b7/S5IffZSi1/CbnsMY=","XApjCUItVXy3fwl5IoSkEm016ARE5XKSeV7mk08VQbA=","seKk7kZencLesHsMujbUpsLfsXHs+ywJspARKq8Qxu8=","Lv8cwYFKcA0WKEqJxjn9Rn7pYs7d8IZjALfbgsu+0hM=","1KP8rgqkGhMSnSmoLihoXLTd5DhVOGHtCTPePnuAww0="],"block_size":4096,"path":"background.js"},{"block_hashes":["gKO0dQDRV66QVgomg9gv+/Idl64hIsZD45R2FAbKnpo="],"block_size":4096,"path":"cache.js"},{"block_hashes":["3YZs7udGseaj/ual60v/5NAXXTAhsECgXs24neBSx9M=","0gxt7JBQHsngFjI55Yh07zYuURwmqBlsluRwADpTIpU=","0OhdHxmOvP+Sajp+TLSeXCVtxWAcmJ/bps8eP0ocTcE=","l6wZACl1atM8B/Upkv2vhRhiW24jImJTtwcduX8AGQA=","cnnetza7P+f+nluiw1/h1RaER2hGzouUGL2TcsNeQC8=","GaoTyvIZC2SS4T0CWukS3zWiWl9uFk1ggbulgqWNAzY=","CFfYhlVc57hmyfhIMlvzL7ZtWrP6xBNyZDLSD0SaN54=","FeAkFyk0adauI5uXGDnMGb7+xvzlLV26KoQueHUauh8=","7P6rI6ClX+oBe2ycAFeAvwLjf+wVVukiYZv/z5iNzw4=","eGoUgbaYufMigAW07hhxwSHSg/zWAs63mPf5JIhhEAI="],"block_size":4096,"path":"content.js"},{"block_hashes":["gqiQs6M6PfimEp5hJl+MV02MRHpe8jUKXVJC18WQbIU=","bdBWQW/l/AkW+kTnRAm1HUS99M1NNzBW1eePDlZsF64=","BmOXNrRqtBpfrht0Ov8/L2Sm8A2JClhCvJU5O10/xBg=","4qLSDfynAiahPFvl5+BLaGVHg3xIGcFbIML0REL9Gck=","TDm1PeTkdwsnbU1PDu2LF1aGr0lr8uoOAct79364CJY=","alLY9Bp7MIHaW4TwamFWMY5GMGxWSG6Zj8eJbpSsJC0=","e+HcuNN7IWosCx2uzV6rEUuuXBd7v68nWNwCanyGezU=","kxQmwo5G2Q6KkqEMenDgrsc2FQjEIAwpRyh5Zkrdpt8="],"block_size":4096,"path":"editor.css"},{"block_hashes":["xsIotT01BXUPMNFJk0tDklFOOdIWILHLzh27K9Sem9U=","qV/u8UOB3cOXx4TCzvNkLA+NszPPyuqCQeD45Rbpqxc=","6SFFxXfxpeo+L95LVpFo0j9z6kxMLTpSCMMUMq9UFiE=","y2A84jNNS5MNBFDdGYfkIwYwpzS6hh6Jgw6gK0+wP9w=","PALVnEO/Yg0qQCMC4ME4CoPRCDd/WYU1Y9hxWawnT5M=","LY6ZrR5wsi88IMqKzAWjQUUkwZrl4XhSA2CSvlznDl4=","1HewxytGOoRl+CKBwSH3OxBab2T03VbYyuRwwwAgDYM=","kq5rkvM6x+iYYUSwlnjNKkbcPEufMmPp7mrB00QdJ5w=","vUytUTeln7t3+0Pr0v15oLWUHSOogDreij9tW/xELMQ=","ei1ZwlrTlCoswmEiylxdvJTEyikRVMnZZWc5Le7Kbno=","44UH2+5tkIPos8eaiTamjPj37C/nkTLvnbYmmgkPlDM=","XuKU+oF+gVfdDj1I7L8Rh6Ai+N5TPnTa53TxQaNwEhA=","kURFrAk9mJCtu/PgTw20D4aMWvPzoQwIUEQZqR1MwjQ=","h3z8FfKtrKo0YyhIeeX1ULymQmITG1qJcog/yKr2uoo=","hnOKp1nDbPiJdNVXNk7e7afFS0rAoHUPuB997VgCimU=","m508PpKsk/UoT1Uj4/20ZwEOBJNByslCRe7DtUNHT34=","zztOsAGjNYjBTEjKCDSU9iSlyPJR1/EuvFIdakg11Rs=","FkpbCdB0Qjym1Gh8UdHoFA87Utrhd8zkVX4eVBAgkAQ=","kJzD/gsfpmGfnvAk7qodScVmCKfEUHRxJCSs4BoJ9y0=","GYuS0HOqI+1aXDuLfLN32VMp9XZRWYTw8HPF2pHu/dI=","rpUvwbyUQj/69z8d0sDDlpC82+PI3UHVCAt/5KOzBZ4=","E5ytttt9Zp/N12Bg6a+EnSqZLfsFLwcGp5NtIKK3rO4=","UkUmdyv5ubredkIM4NgfEjiK+sU8rGe0+9cL11xLULw=","oCuaJeMfSNzD/qrVxLn8XW4IURDIwUvgg4ujphXCJ2k=","cJtadiDmS98JdW/JDwDCmJVxoL7MFmScuPGFPiDj5x4=","tzVbIqY8fjQKXx10d6qD0YiRzJ1eXt6KLrin+02mnRk=","dtYxJrklBlOGCtKEOHTgyHLjbdWpyjjXGe6YuqQQ8EQ=","KeQNZgljc4H5pKLEo/xuB1AI7YgW/LKM2CN2/2N56mU=","QPFTaXjWoSPy1GwR2C0BXnLHyPioNK6pqZ9rAOYubEA=","Y2GgK3Wd+UTKLB4mi7lK046Aa6L4pkxjyDXWQfufzbY=","Zw9Uo2N6AUiYIi25a+SeA3WsJjS6AB4hthG7vjfHZa8=","f4/L/w1BOYFwBNki1fbJlfQ+V4z2CWsFyQDUpM8XlzI=","ENFw/sWm3OaVslzfoQKcqO8s/DZcZR2Y2qTV3CtyTVs=","kXu/lF59jPOpScNsvZr86xf5Co5DRhOsX+jAuPuWt4g=","hqDUVTWCWpeRC1htV+fSNc+Lt/7lZbAu+12o9ogAmzk=","CL/e5StjnjSaA8H4LeLnDiK9I91SfiExWjkLyVxvKbc=","1QfHLr7rh5TTMgdZKHGEyWxKMNX4FyA2dhkwWq/XxbE=","39CtDo+cGah1IqRkJDg6wUEk122T360TgiuuSXG2lAM=","IFm1w3BUJBoTawVumJHytmHfy5NC5CaOBpSHhKfMlMc=","8+PdV1fpyz+q/0aECkWPHpp4lSt6yDBqUVpbw6/Ez6w=","geftEzHNH8DS3hLLqFiqINxks2uYaHuuQEleOhjID3I=","BZlrQK0YUwONywyMMV++SjO94QFGWtWWMu0csNNIPv0=","tclX1D3qWiXVb4UtF9uyDvyr5GCmYcWz7Ot/pc0N8k4=","HY44IShs/Jb73GZArqQERyIhX0x1tNO1I4rIJBc4DaY=","TfYHa3iHkeJNbLoApSHI2vs35qM6eBjT429Oe4OIhKg=","PcH2TPnD2j0vQjNloRQlQwF6bALMrgULfkSlDgQkoJs=","Rs6rTgn7Pggf/+Ct4rh0rPWMQw0bgk9NkN6+kicVg+w=","nlqZhcB8xHYtAYdGh80vKwL49DHV/8abYWhfrkLJ+h8=","nmEFmw+ih/MGokwkUz/OzB6XIZbtblR75cdJqbftlI8=","fGozWtmfyKq/KMn1/g/3p6Q/sihXPo32S+vkbnIjAyA=","Zd4Eum8bVVUFc85vj9HS45EfmmFlUO0MobtAgY6YzvM=","ljj8K8mub0DrTbpm7b+4wt7Nsl59NeehiuyMB6Iwyo4=","lCPCDTpWNBpl5dlybRu1HlMSEGDH1NfKXf0dAdg1+W4=","WZB0FAFW05w84dCQYSXwp5GE5GIYEKc2DDarKGGttAU=","TORBQZVPMlDaJO8bTqFRGjiVyW3rwWYHMd8nMBHefE0=","+HBJ/qcDaCWitt6kph7XSe06wzSUQym3fqKImjZ+3lw=","Nvi2INN7fCrszNSAy7O+oJ+gKvo4LV18jrE7rAJGzKk=","vmRq8yK4RDzsf36q5REWwwfVzZfsJ4Nvyn8FdJXjkhk=","0P9dRkgRAusu04KR6gEzBAZIIv/bizZfYw+U3BpkMBA=","pWqSfYHILswDgq5j0YTyMGRClfGTbr2sat6k9lu0mzc=","Ck3lk3khPNuckqB+PK+HxbFifLaRSVKz9Y62x3u+aEQ=","8CZZ3glK/H6pglbRzPuaqvxLh73cGiHpNNrC21ri+m8=","8yARnRy35B7NR2LpRtN0a6i+A+6DoAtJ9/F4Pw6mkV0=","8ufWK2c4RuEj98QZmsGsIjKRt7yP9vtcSv1L5SBa5ng=","KulEjZpv+V2RJIc0DxiGxwalYR1L8eUYV3ERm9dU3ic=","QFSUPntJ5zFwtwrkac1dDOlcAx4xASUoG57Eo9R7YFU=","JkH+hmimmraEtoFlqmhZMUzOfnMdyIsu/GMiDMb26iM=","4ojEaueqGwO48nhg1OMnm/gm6EhqTy8z1BrQ01EI+TI=","5VcqhmgkwzDb2nCfX7tWtSiOpMFqmXvMvWEy21AR8SM=","JRhzcC6ozsU8m5x25vG4v/j3BOgOx93YkGQsrgli78M=","x3zPsYN+0l2/Yus4/TS6vMbgEUbQKwtPCP3A4W832jM=","//csmL5ZOrwCXduhik+E2BrvWTskyjrHdULqt+d4v7w=","kf/qnqW3Rq8ULkyzs0zi9VEMswde7t7wo3/clSNjHi4=","8eSQYaJeo9me9j2UYtaj8+ICEmxJPMx2ufdBye8LtEg=","aPDqz7q4xiX7ANKgBIe3iYaylT9v/Ggxrba0JgmF3Wg=","ewCSAj4LdJsk6NzFnYnjYqb1GxacaqqCcalFMpZWoxQ=","If+rlvOrZXca0wkPT1JLX6d/iCatwsmZrZ6fYeSjMzQ=","SCnnpInHj2AZt9qH+3086BYlfxuXQ1+/ZBUxMJl+Ei0=","rdi91ZIhgTmMMCXb4RQt4ltJ50yp3q/25Ilfh64Futc=","vHgDy5TgiPK5gDOAM3BP3EtacDNQWzYbw5bTE07YIWA=","CD4kzYEvPPnM4Bj1/oNKeG/ULoECFG0mvpUrRL4vbAI=","8GiP67NlwLNY0/j4E4yQRCzWUtQawDR5CUdLrv6Ouo8=","vphxnNm40RMbFLWocqCF4UybAmfWRWI2abuYNm+36sU=","igZB7oOAQy2mkU8ms4hinY96zq5QTTZwsYs65q5PxA0=","ADBljai9aJujUkNvWCTV9csAtU72LhAZYJpUKbO6C5w=","pb8fVXtt86BDCGzc0h2iQerfFEH1AFENzb+FzD8pNeM=","GEZztedO2i78Hy77Cwo5pUDKJrIwHCLhkdkfHXlrtzA=","5ODhOpsNXbQjw3ZYHmlPIE0w0BCj0LXRNvbq26rjRZ0=","oGgJM+L6wuzf7rcZ6aOKAlfw8uXMkhELjk/ce9Wu+gw=","dKHrM8Hs9Lg3TtJ9+bmr9g/V+ozbV6QNd0K5renz/5Y=","KWgjQP9DTS5IkpdNBGZ82ak8QRVuJRZr1nfzoGv+sXU=","nOQgzikiMc2JE1eLhFB0seLQc40Rboa6FCh+RytTHXk=","BwiDIaPgjpBm07+h4HgYIErEl1J9o441VX6f6p4JdpE=","lH2UTgJgnjtKJz3DQIw/UzIevicqr9mlOMhbnGWXIO4=","nv//EHBY2a3ZPPwYe3pHH2xNn1bF9gYit1G9xv8gpXc=","5wQctOkwTruka+a661dVr/Hk3RZ/ePbCCQcqNpO8V8k=","PGCygmozSkM2pDCcaGGmUdxUZKmVyiedkZisYvEQsAs=","P/KQ42QxR3scAPrBwer5eYsea5PMMEr/533vjT3UPhI=","lZQYmD1ullrFCmre9INrslA9yAAgwhAZPkrgQPmo9ZI=","GsdpNLEyLHY+JC8zxNLodQaGiaYA40xwXzXu/LgWPE8="],"block_size":4096,"path":"editor.js"},{"block_hashes":["a7bC1Np3O6VWUt6s4KTnZd3tLwg7e0PPLNAcLsHCUt4=","kOWQZ5+Mhl10ogA2iJKCnVsTkVRI64KkGXKrBhSTDGI=","c8C6WZi6Y3etvhCTIoW/DJKbJ6T1cF1OOGZkcIXWO9E=","VoxT3bI2mhkZxFC1/YFW/hWlhfn0/f+dagekywM00Hk=","9NUwLdyTj29Rsm2V8Zn79VLJu1YTfCHVUKmkbb7jXno=","+7MthhEIb8+0aPHu2+2giE/hDwe/tBpdepHOKp40xzA=","TT1R1Gg7vT6X+7QDC0f2TU6NbBtf7bUwpmeEhvZpYCY=","xNu9IaFulFE7111g+h9cQS4ySe4ft8rcaHWyMQBzliA=","M2PP6WPNsFwgKZnslqZ4xyMBnQMtqHk88aXZm2+v6p0=","rm8lPccCKbyWMcOdBmI+yNsLkbQh7RVRfoqRv2dXil8=","9yvPbJnz888aa173qlNBXxoMRILEEIBM54HCmtndC7M=","XuqLy5vvkP5GdFTXgrOXEWSWwsOVrHeSENmKICepqHw=","k2iQzzWUkCRqYRFWO5e0Uw8J/Ye58/eNYAfN/nQjV+4=","Nf/UtK0U1tw0JxSbvasbkCH+T7xtyY/TPpeqOjCsgkY=","fkoX7wVspUI0143q/fcIwmQ5fSjbbvKWQ+kcH5+ZTTs=","zV8ht7ivyvY/P+9VCK9Z9rC2NyQTBOSfYO/B4WiI/jc=","ndhD1bJqkyIBn7SD3CyzqH/m0riZO6YKJufDNRXXXsY=","EdPRQlh88PAiSBqfDfyoBCX0VVKjEYVsESxTJNB4pSQ=","zQLK7zSJGgdSVfhVUs7O8jnVOy4SrHOt4mEJClBwXzY=","piioSdqwC/xm/1b/2jUDU8CTawYZGrQiAJCA8tCVCMQ=","3Opf3R75u9lTokOFI+zFDvyNiNlsiyxBBC0ALAgTXFc=","YijzA874D/Wv6gA4A54/VfHPkI0bcYYXw2nGO2neQpo=","N9H9oON51z0nIAvc8jGDQH37nJOauj1V5J8Hl4vpFyY=","I3CXifY8uTePW1tWF7c4EyIZWm+HXag8GbITMxcStAw=","4Us2BwdA//sjQGD64/HPlnlmpM0o/uDNdRdH1hMeMbQ=","R0h9JdHhsdpcsgPMJiEZKSDxf93XGvJYQUOx0OOfw88=","kdGUbos4aGNbdf1yYy8XG3jQvt8BBlnjt3iKeaDESbk=","Ox7P6ej+OKRPQUcBnlnht7JG1q4TQI5g9cVuhDB+cAs=","UWwp0HpQFhBiwpeH02ORq9737v1RsVSzh/DH53grJlg=","tO1C3pxjTBrPgMxIMcW7VkETEXxCeNJPCfrZ8x9+BDM=","oXvzCtrZRyf+tAbAmTC4sHod5gbK/2i5l4tqBRgNYnU=","RFa5Bvn2K879UiMrSREQy5qErO/B4Mr/wLpV1JuSZHk=","DLa5n8UHFuQkoyyrjbRttvTUly4GXS4wCN1IVvphCL0=","wQfPZGQaaTLjwJLLcLLSYgIDJAmk9Ye4KD+crJ7NCcU=","tMqEqSCJW6ci234WhhfvwqhdzpZrwkJ057PYYHkf1F8=","nQ1eT12U2JwC4mdsl+pCYJ8sPlTsY4S9wycQIM+eOqw=","XSSIhIIRQXAVX/PfTgQOwJi9rpPoDRcrJFRxfk64dWA=","osX4PQdKXD5eYHhHb/VYe8+fAqFhan0sKWINVhsCFB4=","sQjy97UGXmHNM6pKDajJ0ZXXzkxoKQoyIc8K/lBvyg0=","OVVk/UJ5shL2b2MbmcrfIQf3qvbbYJTgXc/kDzWeicA=","TKctnya5S0F2hBBHi2nYf+cPpARecMQgkIWn5LYTKRA=","cTJv4TlfNPkQCY9bYm/KT0vZ7JDgA5uRLerRZD84CoQ=","gLRrpyUea4Sief7dQAHWjlqn/S/1BBx+5QJm+idWkZc=","oAFVJc98WvdbpH9OCse18IeOR1jqG5iXjNfpn2FKzQI=","WyG+DgaX6e+OcPT6iGz7bSx/MpQ0zNoNR9taP/WuJyE=","VmTv104j4TbwMgUJdIXibLUyDCGLW2Uh8v6NrXAdB1A=","MtqD5X/+ce/zyz5DmGqq0TNqjSMvTCU4k1nu10zBVPw=","eRWRVFlWynjSLq60rjinHJ0VrSRJsT0AC2cHo5S6niw=","t+lvb64XT/l+TNlhaei31HEAtPpZjhMNGM1xFN/j2tY=","eYdZR482v3XQrmFKvVasfmampOq/JPK1QtDFRA2G57U=","hwCnHMpblC9DqlogudQBPeYMcr44hfaYcCDRQSuK89M=","rYZmx1qcFVgaCU0ZhjK52b8WaBqWzm8iU3Yp840Hu4w=","XLwJm8rgpYjBOCzvGpwV6VHSwNvbX5h9z3uolBHgzgU=","e7tAztGG7uLBcW1KoO/F010GC6FeodjSsk2FAUivteE=","EG09OhdevO1ydUrIFBcHOsn/1uOrxddqKhQYXGPxCMU=","uWu7eKFg6MDqXKPcBXebXK+wjTbwhdOcRuIpaoUmczg=","Urv4j05DoMhoojngInmxpOQRPgMzIVyet+RwNQKXXe8=","0dli09YsCXzJWXCudmj/JAcvto2ixYA/eu7Y1tS0J64=","ofGmT8yiwRADwpFmZalBfeDK6jPwUi/NGl6OnMjyUe4=","KIOjx4GLX77zXawEetXLaRDBSx2z0Hi5TdTxRgMX1uw=","surkdFzpnoikmYC4xj0skSMko6JBVEI21WtjUY9n6Ls=","QM0hC5WxQjzY4L/q4ZAE1STCS97z3hUtW4bhxVALJys=","pbIoHvdWOFhO7EUh350c20BDDQmnJtCjhjE79QfckuA=","jWYoAWkvjGZjf1uFe5G46NdZ8N40PGs3ZxsA7/l36Ng=","nPuGO+U72Ah5G2MteMMBnS+bMAvx0jdl05mbqndObgQ=","DeT68SAhuwthUi0wrM5TO+HTtQy9556JrspfdRHDu/s=","Itx8YK+a2WRWa7CrFZxn8QmRJoJWvoZPyyjbqAVjj/s=","LvgZwnpBhENatsP3eLTfF2Ma4jaOqDqRJGJoUXJRgSs=","XMbAEaE/RFlukq3/syO7gYGDs5bmBuo6QPUYRfB8R4s=","BlFodu9L377VaRrgDzHQYLo+QBvpeAAUSV6PvnFgI1M=","E+CsZEF6eOtGCkyS3y4jlLc78eN780iJDipte3zhU1Q=","148FNYVuztvRjc5pb4rJOEL9nHtLesvpslVlDNyCvrI=","s/nVG0cszZVBeJ0dVzaJzP/oX5LcKgSir2y4LAp25i4=","An0sT1wW0IpQmQXyKS9xaUBPkSzVXOMr2/CaIY13cLs=","4eA6UoBXSCnuUewQ92lX9M225jINx/KlRMj3eD32V0Q=","ImkP/SPoAwZS+2bdHrm8h0aMg+4Z8wUj+sqi/griZCg=","QNCmBenZd/t3Fy108+5nc6PKplVA7RqFbxjg2ywhh10=","MSCgyXx1+h6bB2sJN5w+Qx2FDhJZuB/m36Hqqb071Ns=","2v6cnqlEn7WtZQ9g9uwnIx2l6wl08A1Ps1xz1g1nr7U=","o801sVzWDLQ/40fi4okpqb6Vx/QEG03GZcUMZIdE+78=","OsnQGe2rS6WxuYXUqTNAlAbsD9g4nbtk+If2cjGTf8w=","Ztt9NuBh3nQE7AsaoRzuL/SOIB/6M4qrVaM1D6jubRw=","mbajoK0KwqvJ5/M9sIzgBzYonMmhthxxEI5nF0qx+m4=","X+TJKRcK5w5qhZ4nzb7hTIaCQ6dfS/r5SR4K8ROyujk=","Yky1qdK7HfN1bS1AD6LhQzUWFyTxqmsCSOHTPDgsFn8=","KJ7TYiNkCL0/DO02w/BS5AMEajZ+B9Xb8Ch4MK+4RAw=","mzOvmnivGhcyk7oWnYx4gTc9r4BI3p9gr/vQDzcrwLk=","M6f7vNjL+RFV4lBNZZAaUow99khYHVwRWRxwLM0snMk=","xDf46fZI3tvqBZXGBROaFpniU+mn1Hn27Y4v5QVhbaI=","lQSBSGbagDVeE0BTgzJeXtjBK/1Othmy+SqsbE8EgvY=","Qf+Hlk5eCRh1U8rHUtwoRP7uS+sSM7YDQEMiGcDoIgk=","W+uJr7x+4F6nSn9wqNymF+tisvXRARMPdV8uV/TubSs=","ibzH+0zwWV44a/WSlo7Ec7bQP34qhMqJZw+4mk4YNcg=","SiPQ2SQs2BnI2aSX7iU6r5gAOy7dD0b1av4TyCNcjbs=","L2v/7mzyuHBLFIeBui5qiEbRyj3g3Z8KnyQ8MKTo4mY=","IrxDzIRJUN/CmmN6gODZbICadSP1aTzsHT4TFLhFWwA=","dHGbFJbnAnN45WipSeprl4OWgjLjH48jgXgTB/aCASE=","dKtuZ+UezDTGrsvyjUV5tV/odpzDj/CkU2ELduXTTno=","ZyJlCdcZAbNfWk6+tNWgaeF1LtPwh3YA5qrh7OzE894=","xHzEHJQhgBSvQsQQvSY3bSs7XD2MS3gHfEnu7dm7bPU=","HpdKwCBW+ROBnUhX/5buXferLSdxYyvY4ahh4otu4dc=","Dff5EOtz+T2nUpayeLZ/w08+Uw0HNlTroyGg/B7oaYk=","3E5DA2W/wxokh5wpCLsOuzGO0UuVy5skcI0/U2ehNGY=","U5wakKYqpNFcUyTuSxPAyixoLrHeFykuF+omHIGkyXU=","Dc1MvTThUXcGnfbmJ8XkahZm+VcruLMBDe5ifAEvOyE=","yHehOXyBFq1CGYUJC3fdR4CJM+KpxJjH0NBdmbrK63A=","pi937gwPhfRXFTo203K1CiJD/+y6vJAgARJruBKKM3A=","yelZM9Zr/qRk8Ocwkx45xdAAn2rGzlePLRdqAvQp/9E=","pRh+V6WvG5W723QCBzYPYtynr50xiTYCGwpere1EMJQ=","aCWWVlF9VMdezX0h2wPOqHBrjK+zv8SRYFhSN2BlaAU=","NlPdxdScvMl8NqZYX4li/J2j0guSL9DESLI9O1FJtDM=","w9pxez6abb8RyWAFR4uJZIVYhIK3XPndy+3iHgT7KtA=","pnKmz6X2t66VScIfEu7JQJq20FfqOoN0w0rwXNpCnxI=","vF3hJLHHZ+jxBZ89AL2HyOacV7eOBGGT9+7MIh5PohA=","VW0uyuR6WStT6hmnVUuorvt/kB341I9Tf/0vp5Yzavo=","1OIQwQaNAicHA46ycnsp/XFdZiHyNmWfE/t3TiX3mms=","93kHSwG1gZyxf5O+9ifTyqVuP19xY1qpd5PpYWAsepI=","QdTyQCqKHkkbf0vyks9pa+faw78/72WS503xLfK1DTs=","TT9BhXlYEmG2az+fC5MjQWLuLD3kqdKZI2g4042U2wE=","/uH2apuGAZ6yVKX+A2VnJtmyBMTPLIMDW4JXJvHS8wc=","iwZ0ng3P1BEupYlP1HwGhCBiMeNLsyQE+3yI9yCUgVg=","21lkkRPoKr8ziGXZiLLZ4UCJByNf4DQD84ZiihGtOCw="],"block_size":4096,"path":"extension.js"},{"block_hashes":["nkeD8sum3yPIlYKJLKXehGiK6Vcfx4cZ/d+XA1W+aKM="],"block_size":4096,"path":"images/icon16.png"},{"block_hashes":["6mjy3zl1liidmO0ODclQ4BIdXLoKXL8tWPG9h5+3xWY="],"block_size":4096,"path":"images/icon19.png"},{"block_hashes":["fKdvtuHApexhY2IcxLelfMzAdkr2WzZrTsEhZtNShGk="],"block_size":4096,"path":"images/icon24.png"},{"block_hashes":["cqlI6BoQj9JtMXz8Qc7oJM3/QTCLiR6TvkThNqSB/1E="],"block_size":4096,"path":"images/icon32.png"},{"block_hashes":["2JE550On8E43DCLpVmQyUM8XufsCG1pbZa4gv+yaGXs="],"block_size":4096,"path":"images/icon38.png"},{"block_hashes":["GiHgEtseS5AtRkB+y5g1XtjEo/qRXqulLZHXOBYAVxA="],"block_size":4096,"path":"images/icon_blocker16.png"},{"block_hashes":["a75T9fpamsHkIDRuW1z3FLWWfDZZaj52KDWT292Mx08="],"block_size":4096,"path":"images/icon_blocker19.png"},{"block_hashes":["10G7QqfHoeeGjj4tYT8vP0XVbr8z/XDBhyKMnRw6l+A="],"block_size":4096,"path":"images/icon_blocker24.png"},{"block_hashes":["TocWqW/kpVRRspmajj+pC+6c0KmqnjHojZcbVsoSEMw="],"block_size":4096,"path":"images/icon_blocker32.png"},{"block_hashes":["Vuu7ZsKr0L9ettlfU9F06tTwj3Bn0GEb7pAxsePxUJE="],"block_size":4096,"path":"images/icon_blocker38.png"},{"block_hashes":["u/CZ0DYT5hK7BjyHYRI47zoDFFd97MpFds6pcqSoj4c="],"block_size":4096,"path":"images/icon_forbidden16.png"},{"block_hashes":["4VlRGmvat6HQYT7snsD4tRgsYVf8Lp0cASw1PLmFqlI="],"block_size":4096,"path":"images/icon_forbidden19.png"},{"block_hashes":["h/Ofq0TqFuiWAtynUJ8vRhidl7TqEevrY8800KufO60="],"block_size":4096,"path":"images/icon_forbidden24.png"},{"block_hashes":["fPq5cJNoj1E2ra+ozi8XiDrBreBtYwZzKlkDmLUe89g="],"block_size":4096,"path":"images/icon_forbidden32.png"},{"block_hashes":["FVsrLr6Og43CCatiZYXv07qDN8tkbOkOaD7j48WMCms="],"block_size":4096,"path":"images/icon_forbidden38.png"},{"block_hashes":["vNeeI3a1ikFDTsx5G8hHnjZ0Ax0IxMqyO35bX1RQ7ks="],"block_size":4096,"path":"images/icon_paused16.png"},{"block_hashes":["n8/BRnDrsZ9TmHKRDo3JF27xpVBIRbpxLmntIpq8Vq4="],"block_size":4096,"path":"images/icon_paused19.png"},{"block_hashes":["4cQsRw4TnenP8vbU1nv3InDDK/JD3HasUAdfrmS3koQ="],"block_size":4096,"path":"images/icon_paused24.png"},{"block_hashes":["JT/BPA+RQA9kM0r9zoCuHp92VjsyAIBCelaGBr/eO5I="],"block_size":4096,"path":"images/icon_paused32.png"},{"block_hashes":["6pyrdP9130LgytG7M5p861RbCYHGkB2f4WEcwqIiJac="],"block_size":4096,"path":"images/icon_paused38.png"},{"block_hashes":["Rxz+9hoL1iNjfZExrEaYlSADHOl7WLwbTbokf0/+2fA=","PI8OxiuDz4LO9niGl3uv1ieRCgEFhi+CbDyaqlMAqmE=","N/lcJXUDE8Tcow6GnvmXvzWITL1Q4x77pT/iCeA9qjY=","Sbjjt6JHw99u6QCmFDrke4mkcjfFp9hafpO9TL/xvGQ=","Jmz/uOWgHWYm75EWvf+FcuNbT/JWWEe7aBwlMswnRv8="],"block_size":4096,"path":"images/txt.png"},{"block_hashes":["GSpb6Bs4ASJ6Ivxqm3yg7GaBFwkPFUEdB1Cll/IRrKk="],"block_size":4096,"path":"LICENSE"},{"block_hashes":["TyGLkd95U4s91/Q0mxCEi84QxPhv9+q8LKCMKc0Eulg=","MDtg5GWUpTethHJtMHVSfcCtdz6HjtC+rwA13yAFXrI=","wWSlf1kPjZqt5TlRpXXERcDMb+7s53HNF1sgJFfFZg0=","RnAEmPAyG2HIzLqWwEBm74w9/dW1Ke2FGr+nMEcqDJs="],"block_size":4096,"path":"lint.js"},{"block_hashes":["wpQP6VsYWobpbLqXIccO00epxUasScNhCzIUfF8dv18="],"block_size":4096,"path":"offscreen.html"},{"block_hashes":["kbpyRqE9vj59nrpRWEQXQhVli69o2TxlVBAV5VCQsr4=","AeTq8+9G9WA0k0kw7/bZdgEXNzHoLy/4l7ELbGQY3zM=","/aGBk7rRGBNpLUmitnD9RpxFT+dpJGN/To5rYinf3pU=","TbuCPLaCIhAWqiAVv0B+IU4Vk5CbxevdayhB8S+fgc8=","idqw9dG8hnwIpa32zxy7jnlMbtztzKAAlcLCVe3ZyK4=","eF8t5pPC6eeNW97NcXxUbXmw7NdKFyusTiDMyrlScLY=","qSXwXHwP6kyZasgVcPZxUqA1RNkYqnHYCTYXs6BJ2vQ=","TfFspFBU63izHu32ZrkvnQLXE/vWvSWe+2kwdf1dt0Q=","NnTU6FpZF5A6iWwLcOLWDWDSFDllJkOaMudpZBeMIPk=","S4RMOjrHglRqVP35QNuu0+R13/ggTIYRrkeiwf/Xxio=","QVs6DudNPLNIRHPlgLBTZR/WOUjOyJT2Si/V/0maIfM=","u6XMbDyFrgLVCzYRWYwbrqC9MU5YiY9RP7bJEwloCvg=","DYeQ9Zq+xg0wIc1bmFqk12K704mke1jPEGAke9izq3g="],"block_size":4096,"path":"offscreen.js"},{"block_hashes":["XkqPbEzWWOz5EqpqVSIe4JtbD09GbD17IzzLWlsePdY="],"block_size":4096,"path":"options.html"},{"block_hashes":["dmT2BKf5GbEf/oMBPzkLTgRYE9D5uF7PptATWtEld7k=","LsX9tVdHEi+a3XPYo0DQsmYXdlvCNnMCgR04bu81LUU=","uP7ND/sfOwjogFaZW5/yh01P1nlN59FcCLDO7zfYC4I=","aVIe1xzr5aBFd51Y5KkOywGehRw091lXNwqxyXyrqjg=","cXjh/pajm/BBsF3TYis1jXJjLcDFTWSpEYN6z9WNNfA=","0I3hxAg9ur7NF9TX2Gxoi7pk5WFwuhhfaoAhjDKrRNE=","ro5xTVlu6HpdhfRsvG6vLQnGb7Bgg2/LxU/hcZh274A=","+eqJR8GrMedd0oIgzrWz9PwIicpw7kVDrRkQWtfDJmY=","raSuAft1EolTLSpBwgT4fRCJFhAQK9MH1yXarQ5sHac=","QCNJbak+8bnfj5rTefsvKbyU7k4TJHvKC1TKniCBzD0=","CHneOZzXcgmjGyLN41Z3e1Yq0e4cJKT9oBWvFUx5mhM=","f1fo4murFU+ZOrjgf5IkrXhk73BJ2Hb+uDKMP8LZuZA="],"block_size":4096,"path":"page.js"},{"block_hashes":["EyrhE/uvt7ol+bvxZNx+V9d3/swseyMMAAcNLHoge18=","smItqroD64oy9WX2cHvtK0tuGYaa7JtrfiV24MtOz1Q=","3pePNY6CHO4E053dG3UD5GKZRYqgosjWws3kiLKu9sU=","Oy+vXO1TxQRAkjVuxvM8QY+sHVzLHsAYH5FvtSP6AUw=","fosWI9A2VfVy6uWeSmq9UrzXV/p3zuPloBwtLeoHXqQ=","GHfnkJvHGvpCLFX2m2kaI0MhfATgfq0CPyuceeg0sNI=","qW2j8k7CZHVXdYa3/zFe/KLyIsYb1Cqs/qXOorLEs9E=","WeaQxLQM16x0MBQfIZzyMabsIP9UuJObVh7oBdVLZP0=","T5tQG39JOhfHQBVrVJKRy7oIOnY8gzlgW/yItSXGpnI=","RolCBBsDI5cIZIc+F0IwiT+axJndMh3MRzLhcp0sZmA=","Q6GcPyFlkUsiSDXmuMpon7v6wiGB4nmCRMCfpUUgyts=","iIsrGuKHEuBT2hoqGm0a+Hpcs7Ti5TGFMUc7v13+wxc=","CWRZiIbzDJNYzMHSxAYNQ3ZMlqafZjxOBe2oz+/+6mI=","w6A57ljYT194rJKSObW0tuvker2W8115PKAXgOS+mKU=","zGSM7vebPtxdB9qnO4BAk2tzWXO+vfUYlDrfuyOuGPs=","0XCWhganu4le2R90VDsD4EvurBzsekS3X6r24Qi7UP0=","zymCzkuXAYKLaXbFiXOLdtv1+dhnylL9ftiQYIq6P0M=","ImLLzRIfX3o7O2l6RVyOPaN+3Bpend/UPHJPkpPnp4g=","JtnIGKlKvuGvl7jgHqK1cOk4Flm3YccU4lo7+7QL1/w=","qDXVGbnXPdO4KAfkTBCFQIfZKUhHB9BYEEFC9q0un6w=","OqqLtDPGwhxad767OmkPhsRhsuLoSdDFVjgz+F+eJuY=","3QocW1PiLOCBXuBiQrQGI+t0iY4yflkjNRkMDs9a/fo=","UrH6rQudKLiaRvALW5ZY7oSxV1KVaeW/4xYyxLCtOSc=","R8TcA2ELltzcW+e3wMUWiUUzn2rgfpbePdpTL5btcKA=","5QgeIjK53Jg8fsF340nf5lZT+PYVQPQmhTNdOHGL9ZY=","+JmLGOhjQfje6ADaZsdYeGD9qQk68ymc7ZSs+7nFqSo=","Bmt97w8Q8w3U9cnXBVHwD2bEd/8sk9zfhXaAm08Eobs=","X3KGFHLPs2djYmywA63OUuaKjXAZK8FrIMW9JDqNCTA=","42Ij7VV0aOUelZyp7v7k3NBy6ryLXXd0UAt7MkbY1tI=","Yv53d2pseMCR88kugwY4tdLgukSIPb2LyCw5co9lBPo=","2XM6LD0gUcb0S0oy6fPM0DZySMaVkkyYRbncbQXJVTc=","dUJPvUULxbghrd1rBragRjZbzT2xb1X/00IPPNLIxLg=","vUt9pLEMXC9nFh7uXPJhkN8yMscE4Z9f/YEOvK9BQCE=","O0F514ZTLcoLfWEAexZvYsKEJiPMCbkGN2aqY1GNIuk=","mD2aQQrJATkMSrWH5DehToGHayyirVN51Y6NQsZ/iDo=","n6uH0W60KOGotCO9SS39gONwK+Gu2DZ/tOtvmya4DkI=","eM4ITu+4w2YUNMX0fmoalUZJMOt4Ybye/pW+16H6BzI=","Hld638/LBYwN4lS/m0s1JHEFgLhID5W7ZDOkEHAb+DQ=","ex4ouxZD/U0k/72omRuEZ6p640A3zSMnvpD/W0UOCYY=","e857Cjn4C77uEhzNbcAmPsdeqJEnmpB41feyZnrIpZg=","xjAahe1bcGi1ZL2RWL8bKquWcB21JkaFlL5qh2K7NCI=","sbaDaGC3ZdWYEHJ2g6LiLRHroPruyaF4iXx10km7f2k=","CqEVamW+7mdfKNBD/fXJ7nOcdJVnnWRbvwsHxP6UrB0=","LXaPppTlef89BpcbhdzbxoTMCT3Ex61io/RA2LBKkKQ=","yyMMKuckgnhJq7l3pTGhotPlIPmBSh+9byZtv8JE1IU=","4TTjo902901PPeRfdeWASb5RoI3AzpKnSiE1WcWuhWw=","7+5PZpYVdqsMKkr9+bYuEwJFTcFmN0ODyEpSb04ZWNM=","0OSw7DvPcfvOWMSP43aSseiJo40ctijTFwB0Dvua4Qg=","r2guk75IszserOpaXLKqIipmH/EAG+mr43zk/LnhmXY=","TWfb2kSJrj796FzqFDuJ1kOaNNMEP5zKF+pVbyxjxQs=","2x3P8PNZkQo04qdfTl0ttb0dTJeu9SGu2FP7bwo+3u4=","LshUt4M+l51GmcJL0QgEzY0aEgaBpjY3hme9L/w/70w=","TyW0Z1NVG98h6qPr8nMFKNEUiHafAJoGhnB+DUwfLc4=","LdbiZSEJTO7mMu/Tz8qpc/uOjU20Znl1gVbVRLSL3sk=","OmXhOa3FzeqhtCAkTJJgRMsl0cHmR2rKIJk69lbfKm4=","Am62XkcZaCIhgDKl9UYvlue6kR9cKmz1r/xZYyzgiR4=","Hi5Hz9QCrZyYEZU2bruAmBacqhCM+OqHyky4hlt4RRs=","1F0TbPzkQrhf4vXxFcOUbGRA00IKXp2fGDSWjsQZloM=","QnvjNDW78Z6cyHH4dRbH52X2FOYSRNEDx8hHEB3Yj6A=","nPQrtSNwf+Cr3nUdcY4mz+/VUj8/48y1yzTomwj1BzA=","+gGm/SMiqpOhRGx5EoPPiF2MgYjiZXJ9Hyn/fHmYJtE=","t5B+mbt8rlWsaX7k6T2Q7/wzOWrmHomRSCGBXopFDwA=","4QQXpd8/0/F6avTSEtsiqT/Ozg3UrXrefw9RUheGsQ4=","7z9uXv6an9QaIwaAkx4TbZbNMIGwwFHyixrAUIBQZoI=","WFP9Y12+upwEGZC18T+o+XSQqfBnG1haDoZvMxy3eAQ=","r7SaqgOdD58zkK0es8Hif+TfflGmnvZR+I6lbvgzizk=","+MW0TTKAeiLCf6uyl6B5ygBpwzHyQ2SVD41xVywJjjo=","G9bdBGwTysHXsd3+EIunMVe32Pk9YuQoKW3gsZzWSZg=","+gl14+TskqzkTZrKkWrI94XvAySsC4nPqe6twD5X3lM=","PONdrMd2rldn0eqf2PpYD1ue7i0eqhYKsPXoz0gNp6I=","QHKATfA0pH03fxSyit3IkG/ztnncfSKS1vqHzQcgRfU=","g/oyGzoOx2mBzimRKUUjMasdiA+oQ2dtJ74ddT9V7uU=","l5ODRxK2iUtZVvEeAKzMbxQdISJNG+MdaqKnicCUW0c=","5twTZlm4tlSho+0wSMG4ukJtUX6w8DkJ3af8FlrwZbE=","NlqTf/P5wIHu0luuuhrqET2O2XPCkE1pNERh3NU1Mag=","Ik3K7dzqMfz5Qb2pgVEMWydjkGjgBho9jOUQ2iMM63Y=","VubJ+gEPXgnfxj2P33r9jRN5Kb5j/xsi74ydADRbSWQ=","jg+qWdFsOgfBx6vhWq1gnjIfqhSi8Sp/BX+oPMlUhCA=","DGGbFj5TMvXKwVzuUg+4UqwKWSjAbiuCTuMgCT4eaWo=","EzARsPu6a6niWHFEp5BmBYPAku0z0j6A/DW6/GTFcpA=","JI8w/vZ0cdhbFoHZOMwEu1s4rVQmCzrqH2NbQyBcndI=","SiyukA+MzML3QE30czZggr0zv0gy/RxiD+OMC43MV88=","FVcADUBHR5rL3Fkj8OUzrQ0ox+4nUKuQ2vkOiaLLkvE=","tUjSCzy5yjfeiekwZ58pHwgvNB+6hYNHU7v60rhKB/U=","rYP2TXkibJ/0h9CXVRE7YDGqI7gEJnYQDfbyCagsDyE=","gIadre1yV40g6ieNp20O9RQEahzJ2AV6YuWvkm4VJ7o=","xjW5NFqZu9trgYf563uWht3S0wdwaIGaiA65ZnKtKxA=","Ya5Ars1ZSUNSSC9vwW3ISfDgSbs1DHJ6Dla9dXzCBOs=","UqbSzbLRmcoOjxwnWeKUpCLTpk1jkSNg6pErqLUSklk=","+ZLYExBNw0OJaSnUt6P+k2820iJrFZ13w12sPvejjXU=","HqgX9UnwoK6p+45jXB32b4kwfew+UhJuQIY+SowGO9A=","SbwvQcw5ugr1JWqzQxcSq6FoKifK2Ze5FdTPTfHCVyE=","/NsaIHGdDUXfSgFYTgqn98hoqYkrFDYo61KMN8bwh3M=","H+U3dkQAE9XG6Suj74uxzcUR/OysDluKSVHkj0c6ezY=","d1BhRZsrhx97xB36y0pvEtbLI7SBLI4N69J0Xgo/lfY=","e+v4iCPOOFNSfurlQCSs3kNTnmgtXgv4fDbDa6KuKfA=","yVOrvUhQUSfJNtfPUaQxEiA755c73/u73CzOwDkn8HE=","YQgKgl3cYuwVXqtmzt2gWpB+eX3Ap9Qj90gIBgQ8OvA=","Z03c1WJZH9WUBTahOJGA6SCz+8/MRqLUHnE5dYpyumw=","ZaB/S7RK3qHwcP6eM40qNJPXgrQUhoy6uj6lV821Ktk=","pQxKitBevToLln6n+MDHJyxoIaYJwXPm/hI7vSi8VEs=","xOQBSEveXRB8udnlAzXfeV2IfuezFj5EFO83t3JK6gE=","Ovm3uqL1/7Lyl6OZwHrWbTRY49rEBgAm5nbyG95mTmE=","8rwqEH0Tfr/5OjRLKx8y+U3cyF5c3qmgClJWCzoXrZs=","Uii80x1BMYroSiOjQkPSDauHPKS2KIshPehEsjXUnfQ=","S3NnpBHi+INt1TnP5tXRZSVd0MYj6MnT8eeDiBtmjW4="],"block_size":4096,"path":"style.css"},{"block_hashes":["AbpHGcgLb+kRsJGnwFEktk7uzpZOCcBY74+YBdrKVGs="],"block_size":4096,"path":"test.js"},{"block_hashes":["LfmOq8P71HpQ21JpSQFWDze7zqRzdlXph9Lipv33HPs="],"block_size":4096,"path":"userscript.html"},{"block_hashes":["1abHWpuxiBvaNr4JN/kA1DiOyqMZeIeZ1hMeOj7CaLM=","eOOfp2Uc3AcsLY6DqVDCGpq89348CFSVj95zIGlkDxc=","3bttYqHNPJ3uCdGl49Xs0Y2s8BDtXvUnCnhHsmJ9I2c=","YNYcM6vR9TsArE7K5fIWf/+40EdViUK6VrjbIlxwzFI=","L++k2Iu1fD8PU0pzK01U8fMEMsFeILU21bgCVmcfefw=","NEu58A+EtkQjdcZJ6PtA86Xx1oviBAURJ7TmzHQ5c6s=","4XfVHfruU7bp0TftuNwF/wQAqDXw4j/HrguTQie87QI=","d3UZKyrFB60T9jDtb238E4RHQhpi6K4l8MFzveLlGvY=","MGrGY7PPi/+SO/lz2FE9TlyJpVlVr7Ih7IcuY4IfqzM=","Jlv9D1xkal3NyLS0+qcMkFOUpPIk+E6j3QjQ321A29w=","y4mtk+P7k66/qza2E89bj02AptdL8PwXmxI9hJbU/w4=","oladZTRjGcvBiJpku2IOyHO3jr8i85Ca+ofhZeM2Tfk=","diMYuRLRYTgUtlGuJY3BwSIYumw0fVaqJS2GHCDmZkE=","l4bARnoriQvYzECwdDGD20M2+HCCh//U7KJD0J2ds8M=","6ZhKzb5ZZLyI8rhQXW8ARP1ANV8MLB2RN2ilAOm8QS8=","+yulKpirj44rXFMJTLoyUqAH83zomHcPIRum1dKHwqA=","S0tYqcP80eUQ8kpUMVq+gHsVhJG2YN1yqOx6Xf62j+k=","1KU3uNL/sJ/XKxZEfqYltPnugKRv6m/I5sp1B4NqaWM=","TZgDrqlTG9uHD5bS2UWBdW+lWWuQClekLsm7I3oWoLw=","eN3Cvbm57TjTM3SKXyoZ9in2wv3NFjxjChJoORKM/7Q=","S+d6L1T4nBFNoynX2SwkAq7uvqnHRis4w/nIo0kMi/c=","hNjy0J6XtHh3J8Bw3Ju7F6VR+2t6LnQ9WQzkB8VfpW8=","wwAzLS3k314gZ8dKbEieTKWhGTW6UwoENDQPn3vbuL0=","wmcVf/sgSrj8AbEI9HRNAk9JDwC3pf1EXn8XU6hiWwo=","8G22XhvrEbmyMX1iY9AxUYRomPwT9/rlhXAh7awCD8w=","Mj41Oy7uIHFhs6UWoUXXAXReqjGeyTBYCQgmdCsR9kw=","qWYtbeCtJ0s14X23kb9mVZckcxXburWHNcCstm7SiJY=","oNx9Vda71xrTjMzG8vcw9rY5hDL5lxXupanEtNxLxPs=","4o2cDDOiYkqQ1XtGSt/C7/jJC/vaTick0FPjUll4wI4=","6W0XqwAbjLVVKqmMkVIN/UVV0UITStGqv8RqLzyoRWM=","K8nYTEWwxWckZAiK6VPL1PSRGA0DRoYJOUsSWsaVCl0=","k4yJ8xIeWOyvAxC0vHPFxx7DI4FDSoPileDb81sWd4c=","JkwoUSR3o4izqoYja2JT6cEw85+hYb9r3VDRKdNCNaA=","Qh8GhinE6QpLJmUXILAuorboucsueoRPt/S07WJHdQU=","78KBnjtOvPcC+8Fsbnc87m9V8YYf3U+O4yp/nPF73w8=","NSfezx5HEM4mddcgd2Q6NRgxF+cGV1KM4H1FDBZTyHk=","PvVcxA+EtbljtW3gsbyIFPt73ymGSvm/AuxX3UmTe6M=","nrRw+mG50s7DHAltSbs+AUBafvCCzAgoxne2KIF1zIE=","wOF1QkGv4Rjerh4RdZRj1TPIg/vqUJBsAk2IrilZP9Y=","DF0Ph6bzX3ROxHZh0jAOn4JZk+13CyWJPpRON2lWwYI=","DdOWQ92f/med+xchdlvUT4G0WME5LrqceEYJMf7NqzY=","4mCpwA6avy9PSip4o4zKBtQgTOlLFB1xveDLheB/qlg=","CiQ92StTCKrBtaW1EjBkszGZb85hluzEiQVdi6EN2co=","AymiMwrOxOSQGjMGuZY0WERbY8fCDBO7JYhwWc7/aq8=","3hglxI6pU0znuvOmjfTWb3NZjELSJzEYoOoT7x9dEus=","GssPIFzils6XSJCqBz++LnkgHUdGOYLmNf5uQgJcWtQ=","KdvOjHeSrPPczcUquPVtS3nkIri0pjVsbIJxILMx1iY=","0mYa1phs1/95YXIzDCcnGOM2Apobc2zRQIb1ZuR0KrI=","PsG3TfayPHIgigiGKs0/lL5MA01TglC/2q45l314guI=","v8RdrkMvFDDy2qBGY5Q1psMb0JztPhHVblYkyRCQONs=","ZSiq+OnC8OurCiGE9uS1vtKOX6q7V6I8WJ7w8BusodU=","n9NWkilkgZtcbJG9N5PaS3YVfnXDHIpmdXtJEeziOco=","HFhIUhAl5pKJL46UoM2PYzt+Md2jJihgNJ7pvnrF9qk=","fJD2N3GsUvVNDoSlqTOy2k7MbXUXenuyERDEkNlIhEc=","BhQIMYI1wg3CU8IBVppP9JOQusPhDvzATZDu0LkRRfc=","UAQ8tKq9yZE/mcFEJ6mLui/CEpW9MXVYcYezk9RdjqM=","WBL/UNpgEJc9Qumt3R3FPY10qXTadDgkb9XLJYSJbL4=","qi041OxYey4BVkRxa0NQsMgjME10D6zwUp5WoGe7hJc=","euzB4nP0ygOjn/YMzCCk4Weyd2FfCQlGeyIWi10FpNE=","z94G5IkvyNlx68grQa6Q2z82ubM1buvp7H346TpUY9Q=","QMOTCpYRZi3OrwbwfpNIJCXfyJkXTOtlZ2EM44lCBNk=","5q1jl0acp1MbZsWc7BIu4qqGeqs8NBroWAA+BTA5TBg=","6c3EU+2z21pQ7fZXKFS7KcnFrQblknk3PBbKGCoMjf8=","JBV5YNDDdxJsNO3BMY3bEUUFNVQaKqnkuqOBjk8EwqY=","7hlSnx3U1mP+akcXGoBcoXnMlIHCXa4AXqBHe7AKYzs=","fNbLevTThBt8PPEGoAP7haJBAixakUnH4Ze0GGipN3k=","XxiXzXsJvJhUZ59A+N6Ck7jTPt1LPD1pFMLSBmf8dU0=","LvWkCrXbkgzIhhY3YVOT25/BEdWYdd0UsfPkCNQSESg=","bZkJwyxZ9qpBDckBguKoQQc5XKpD9n9GiVDG96mUGaA=","VxHqCyg+l112m5IGamxUv/es9XcBVHJGmbu3E8IL4SQ=","olt7TuhbtNXa53kRPmJsQ3j3I+QflrJ7rx1Xem27QCw=","HJNWi5pj60uQhTcn7IH9PQ4H7P92LQwTQGV17e2bHzw=","shUyDHm+I/63ZVelXk/IGcYKwQNZ8AcvMalRylre+nc=","G18PX2ZTPph87vEC8tOhNolvStp1Tc+hXAqAeKjVYKo=","Nrpmhsigug81WnkWGQaJobU8KkBuBJLUiZfsepVb9iU=","Z7RA7j4x9wZ7vA5k6TmqIeGqs0L5v6XLCHA7w/yIZt8=","H3RWoQL77Z2qk/FfDwdu/dlPNeLShnLpDiY0+u0pnqU=","B17LGfiJKfdTOqqH/4bvdPlA6d4W1xWUwTKE9a1dZhk=","kAa2IBzh1SW44e/9cNbGE1YmWDbOvG8RpBnJnTHWpWw=","8cCNDvulaEQJ7dD1oRgOBdZp6t36cdssMvv3Gd1eBZ8=","Gk7LjGMaG+wn2yeQ5zlHd3NqDTNijGrTg2XryKy5DGU=","AyedgOdVGyRg+GknkTJRdm0jBbwquDSaDllPchIg3MA=","1bv79rbLEzLjpH+NvbBCA+OwwMoNXWJGeFbzC3qoK0Q=","TQxJSgmtO3LfGu0bCf8yGRTvwPyVEOC1YZxbs5byeeM=","f3PnGg2DjbWaRE0fMMu932h3vndm5Itq8VJr7E928Ls=","bd9rQzVHtSkPXVXDS4hwN8SNKGdcGi7wShMsoBM422w=","VPJPIRMlFv0MN04FTs28eoKYQdOZdk1WMibAJr9VykU=","1NuBEr9kT2UcG5w+/Xwdb1oxtn/SJQ82Qmq7sqlv9Ng=","Lg/sHfKfznjS7ey6TCLWiWfLnOzg5uxDCkv841ilbto=","aGhxBQdK0ukTFfn/YZqmXYwNLW/TLFAAsIkhRYsA/Uk=","BB9ae3DNA2vHj12xkduv8EURP+fXJssCpVg+U8YdxJc=","V5Ejup1BCWILuyEPIP1TbtXD68l5VrscP2iRRkloLtM=","wAuIlqDQ8Pm7HAb/i15ohcez2ClbSIWVRXRKKJw8BD8=","VPMv64zxlfiaVUJdndWIhloPH2pmMfkk6gP0ZR6+ceU=","1XtZWYPjkvKlas+NRhEU6eANgOSfQwMMSDa0wdL+7+A=","jLwnQW9SOeV3qJlK0Xsisdbt0HC8q/ZbiwV0ta9e1PI=","w/paQvr214ch9sZqQ4uDlYCxx04TaRXlgAcNPwEkMo4=","ESxXuPbmeJax2D7tpqt8GwRgLfDcT6U/41P17uBNNIo=","2RI4JCbj3brulympjqhRWb01tuVAbiUcyusZx/OawMw=","oIeGYMt1mbQTOhomZ4EloXrI6AvGRy7qBXMM7YVKI1k=","Kza4Fzs7qUZzRg3To4uOBk5l0ELyGZnVC/yUiGSNIa4=","IBfecdKwK54WfOy+XOims3cvQAbemQZP618ENMncvkY=","drZBdL8Jeo2Wxqdyas/tsPwhxIki37tYhaD5rEqf7fo=","O6yKmp4RlgEUMbqiMq0cQw1TSiT/loQGvCHC1sWFVvk=","rMmsQsV8HGMq2OT2jUYm3soyy3Tm52VNcBOvucXUwHg=","wtCCt/3Dv5204x0fpaq7de1QvUInKwgwp74ksrpXDew=","HPKQQBpIyJdEU/KkEMs2buna/c0WzLt01P6vTNNFrX0=","TzfKXWDkl4GMIMXVapSYZpaFB93o+XqV12+vHWNnx5M=","s6Kc/4/0fbK3YTEp8Tpb/qfYGvmWpyxak2ibU5/wrnA=","5Ezryj5Dy+EgCismjNinw+jKJIIhQ5rPfCpXMwn6p6s=","mTn0Coy2fJfIgvrsODvGtZP3nCGIzH9qaaPJqXy8ixs=","pfoPDNJhQHyLA/KBvZM3QLuMkrZaOGNvANyDedvp8XM=","8rEnbR3iWCwypA1tLtg09Nf69Gk8BHbSdCiWjJWfavo=","Z3zFIfrB56h2nFCCv5ZDEv6JSt9yawRduJSX+xRyauw=","VavPfe6KJbVB2kDdnPrHxnIsWJ/3F9gOdFR0qgSl6uM=","fBAvzs+3MTBzHrW35Q5d+88SkZUe6RbODyTpXbBHOSM=","OIGY8VLzdvxZZyoIYZR8nzO0PyFqiCatVcIe25erTEg=","n2tv+Dke48cKlAFgakJylJKr2ukf4SR6S3DU9e1MH1U=","whs9vGwLmzYWCngSLcYF3NyVD0ZAC1Vu0pqMs4Y/xok=","dFc+6HCQ4OuSjlwQTFcIHf9jFA3lb40c39ckfLY0gbg=","E0FzkpMYHDI7TJNdyVDaJRVnDSLepM31WgGxKeSTOiY=","MKVUK2p5VdssZ4l42RESleaiV9uJ6SqKSJqSOW0LXDI=","JIO8Btj0py1SD9e6dQC74sHU2c6LUvxQDWjJpF2xxGY=","+6V+JQL3ZBYCHyt16AsU/Unq6w580vi4zKoI2Jzh+dM=","y3i4YnW7ijcl3CWWB2RqwNSZycZTWJm9sWNSUVMo7fU=","dln4Vf+qV41mx0cFgHuxXUUyBkVtJ7L2KQ5cIikH4Ao=","u6EjxFfqi/nhlyhGy8BWWINpTogVCpPbsJSYHxgBBXk=","DbN76NlVf7680C2q5lslWGpVjDBQJsskIklENKG7S34=","orpjdOUiNFfIWUevcd9jJe2xaRLuZNW0qT4O6bSkL/I=","9jt0Z1TZKKUn2cVWEoQUT/7RRz6PZO/twO4iZVFRHjY=","iwE4Ddy3P9Lm2bqunx9a1IPjcFNPbUct9Y6lsYjn31U=","OQ3wAOcsHJfEMdafdsDZ6qAfuquJiben3gjmgStJ9dk=","vUsmNL4yLXoTNpCgpXOKUfQDmlcidxCA1a3MXlx5v2w=","Z33v9/vuO1+Bw3zQuGnkwctghyK+2R6HhbxR17Wx/6w=","DXCxfwh2cjBiWgRPMGmXMuNQXV09O4GwAgLFCT20q1w=","e/bREzTPclcmedabvrPbuWvu/YDX3BVDFUOsB8uRMzw=","CwKTeKTh9yYKrzOGZwA+SG7ahphPbb2InMByQW5R28I=","EFUQYPNrJ0bqFE5kqHR3UXoqZCMtwgeDrF9NOopNbTY=","uingW7fDiEkW9cDbqh7liWeEsXR2KEAlYobNhUbPrVg=","WZQ7lRN1w0itnGHhpwWz5hNI6bllqufyhehI8a/jKj4=","8vmkFwLl7o5942CeSuj40F/0Cbqhj5EdBYg7YYT65lM=","+HYuW0hkHhCQI0yx7+H9EII5SFk4fkp/w6kzgdZUcPA=","9GawuDFCfUS0d+//cjZHXq4sCLbszoRlD9+vsj+Ee4c=","X7skcNCp7+7xiLSr7sYbGfYorCgNhGW8xPxd1R+mGWs=","TIFf57PBTJoLztnmzInGCgo1la3HIy3b185PW8GGd/s=","vv8NFrTW4NtDdYyjSQ1XIhShhWm2EUJBs5Ec7u9hYMw=","QqOOaiuTFpzrzZA63VPq5sZu4EqfwXgWJJcjpMkH0HU=","nW8n7GxsY0bK+Bo3TGE7/mdWDt67uPzShvwjOC3kfpk=","Zg2FYUbqSgToaVl6ULZE34l3ChWxmlfAiO7eNzjr7dg=","UT5/NEO1zaTOL/fZc2fw/fnaX4w/gLiQvGPqjToOHAY=","5mjR3Dp3sHTTL9KM7ARS2ctX7GqOAu+mqLyLqNjz1OQ=","JDAuEWfqpTrJblQ0RyNftDjhPO9OLVWmLaJm93tliWI=","YdaqMBOAHYRxT9+5FvGbHrDFHLUg96qE47oYItaE2Iw=","K4bcbfQy+/lkEMApIdzTVdt5SsN3/iptd2l7s/8HZZw=","5Z51gtz5CPk/vUGujGbNS6/qDNFW34rtllVFB+Gekjc=","c7e/AphBztXat8EQkOjTHc1IJWd0soMkV3ryiWKlymo=","giudfiVftB3Q+KeM17TVWlii7Oy9JfHf9jwZSK3ZfmU=","tFgS75vv56XaVeXaxQuQ7ZsgLEaksk8POMP7D0S/luQ=","5Ra6xdEz6Fk3IhRVGvaPG7BaOSWj6yflkKrosWSDsh0=","+PaFl0ab4vGXupczn7Mz8ZQ1Rtyvkn8v7hRt/N0JlrQ=","TUNvE/oteZ7RVP+/k+81ZbFKnCjB2cvmVO4KjBngcjQ=","Y9R65MNTF3FOAGHSE/8PM8H6zWcxNQL4XSbp7kThARo=","z8Eufy8sK7hCMEK3sIZ+Dewf9Cj6lNgXeyA/AW7Q5QE=","gsyDLmxGai1gdg5m9ayubWn0wpZ8F2agdBgXYuD+sWU=","Kdo5JdI1VVdFG86cHVzj6N4rJvFnx3kmZqciK+X0yXY=","9pKBIYLwj7V6VICnt9enFkIrnz1Oa5skKttnznzYRU8=","jeTvGkiHRrUYg0vnagLoFUyjMRUQuLx7Vwo8JcZ24ns=","o9SFq21rboS99beiyxY/KvHdn4akqpgeYCSYkYSnxR4=","Sdwjb9FMqsRzAs0iw6U8oaWw6vcxHfD53oB8HuiYW7E=","C5q0bud0Gt/LKmnlHkF1z5fS9poi+CoRbeR/F9rnBmw=","ktyfypDB+qLFVpDfIYkljyKEqgmJmbgpEL0dW3LVm/8=","wr1muywPEZNZMtgfbfleTdW0Kn7lJGJQ7CaPfulY/hM=","FXaIOrkuw2qfVdvGVKIzNJjzxrjbe8hffFB9s5GoJGA=","ApadBc+kNxKPRrLa1kBkbvz2UTkDY9dPuBTbTE+0nEY=","lzYvvSdm8U8dOWyeOzTjKJ2D4V4vmlfkSa3uOnhdrec=","U/P0Wsjgno1iU811ZxivTFd91KFitWZVsKGSzvy6kf8=","q4X8QqpVVFN/cojZadZP10yFEyO8Y8XsF7NDxnsM1Gk=","DAvEppF1PzMU+hKM44DyIS5fEmOF7A1tTVz5AH2u/xU=","L8bn8t4nZDy2TOltdKSYJJd09HSRhVXIKa16TpKHgu4=","aAGRUGAVfY0roi6eYR4lQicnGiLm47YAhHwjf01/Yn8=","g0XoNaTKTV9Clk/tkxUKXj7HSEl7C6bsu9HD15bPrVE=","mUZbaPdcxvd9KKTCUO6zUV/fXmkuMMzX3+iYNd+BXDY=","FGBATf9Ee4UJlT7RCDX5VfpPobIGYQx3JpV0l+Fe2OQ=","hPQ2e5lRMV8lsXLbJsTF+XIh8geLdy+1HyA2vW2C6hA=","lG22TY2I0Qyx4XazpjF4LutjmGuGqsplvXLVElSJrNE=","yIgIywXERYCu0bAMzXQljHtneqDkVOUyiScUDeG99xQ=","D94ibklxO+mN571xjUS6IzZ3NNHgnmoTaPMfpRi+J08=","cfw+c/ZstSR72poR8Dx26tvAQ/dn3o2X2xdBbAQYpEM=","/jePfXag54LraPbbEMb6398jQDYg0B/UDll3nWINsW8=","6ITfba0vdg2ENKZewg1ZIDg5MMYVwHVl7jfcD0OMcgc=","Bni5b+muXwU4l0ZZCO4MVKI5eIhwlVxwDyN5MZWQ2ww=","GWZZIwpC6NY3gFoxTTCE0pIz9nyRViGajvBcaSGYrVw=","rdG6xUE1SNQoBo4M26Yrnqb34Xa9p/pWJE24x7ir0bo=","x5PMFbUE3Z2Impexc13JfQPIOsCfoJHtdBOISZi2hY8=","WhAEK0y/R92lxTH/84O8rDgnHAavlw6DC95oKctoEKQ=","L2TkWkIdGYfLWJDfMKyl/wInLN4Q9Rg1lrXVtJNFpZY=","I5rPeVOrbZR9Rec/zhKK3vLEwXDylOU+5HjDpxOhGgw=","BTJGnsInCgF5LJKLanfRAH/LrjuL7f31eJ+f41Chdk8=","KbT3SrdVHfupYM/mqdIFhr0ZzN8VAaqFxlFVnQ5jahs=","Vn/JE7eCqJJGS+u1ZMqzBJhRPfuXmAvfJFqNkUQmEw4=","3ubWNaU3E1VAT88YQdLi9Rrzo3IjS94YzJJ2LnLiQvY=","t337g5QdHkjK6VCGF2JT25dCOkvJdbPxseRoLhvyNCI=","2P7/TJ3BlStMnn9Q9z8QAPMrgIi7l0uLleJbFuzu8CA=","lTJqV6GzfTB//ERQ9P1VDuRG3rsdrJBxMz56SNsYJiI=","geigcH7c8dZ0MvjRFsD36dzHqqY4+sO+34e03QICsf0=","hRNi1ffubW6VWqimjQh5NQOiXGi+3M+e5zbPajYV3JI=","wR6Y3JGqiNPdcevkc6t/B2MQwK8rTp/dEchkKy9gfOk=","zMPu4xX4jOX94/mbxqfBryidFXaCvkNLxh4AthDh+sk=","5onzrHkf8lNOva8d07wldOpDS3zYTLvRDhG+3lM7qUE=","k5yr9q6s4fLFwI6l+n2vz12jUpzxrR9Fa4b7t6g58+w=","YI1S4c5oPfeEdIEO1yflmlOMRPwYQ9QzT1Tz+T6QRwM=","5F0VG7DrsV74mi69Als8WfLsbvdYCIk0mJEo21hDQfw=","qfGn7XolSdD8VaKnXUHUtwu1eh8bCfxcRmFEABzita4=","rlp19J/YurpH8Qws3NdDnryE6Qsv6IDH/y0Ho2G4NmM=","UdLlkyHuCfmJyaF11HOSEbjHhl1JhDb1CwAnhRBYqZ0=","Rc6Ww+Bgef4ezl8oM7jZF54iIxdIf0PrnKpcDKpoCsI=","SEibeIiNhK+YjRHLrAECWsV5o3CfgHIjTETgMnO3Z1E=","RndLJOX5mvqT4xFh6dX+d/nOHfYYwBJ3vFy5NBFy4gc=","fWyOL8le8Tlyjsdi8cZEHDniiHvW5M9Hziva8PBP16Q=","ZUI1I0UquToOPQqcC+uA5zR+GD6AFTkwe5ilzykIm7g=","pz2+rN9FyratwzltGif0850yYR37KQULnrtO4GjGOac=","jZPWw+Pd1b2gJvgPXQHEPYccRnkcrZjwfqlYLpIw1K4=","dVZhlCS7+4P8ZIiW/A8IQVwGt6/dhnW3GX8K9IGOJQQ=","wMab/JqUBHQFRO/bCIk7jEFn78zA9z7cumdyMyLAtr0=","ZuQT778gG0GYn0tBemYQkIbkQBTM+FSQWkTsDNBTYAs=","D6FTBWln3ng8UQIoFBBl9JX1w9KsT20WPMJOJ2KmWqY=","9PT4Yp9j69vHmFSP9y+RT5gTOMcDX4LaAGXs7wgH5Xc=","koc2jQ7yV/L6UHejh46FB6c66WxSZwcoczmmns9Hgqs=","T/EV1YrPzMtLlXyu+qRkX8z0d1PQcDckKajSvoYdHAg=","WgvWpM27fQZAcA1uExEI3crXT0gkFwARPwf8+De33EE=","YVJqCsUpOuckLx54EthrV6jF6HHQklnds0wix5lBMIw=","NBA97oM10KHUCEYsSX5ot879cngmsN+nNlX3SN8Du9Q=","eEJptt/OyOAhSKW2DwUTgNLlQPhMRnL7rL5W+7vkrQ4=","rViwBpzEcaGEhAgfXmBp7Pc5wKKgccKmIk4vLC4y8EM=","hKwPL4z9Ulh7c/tpzZWr8CAfNq5MxjAMeESzHNzcS4Q=","j01UGxWSXZy0x+qH37iqk8rM/KZ/g9HaIF8jGYdXKZE=","PutfJfPcJs3GoximhxNgQAcettKzjqYs8fzGsRxKOqE=","GfyeeCmLxXlogdO8z/FlNQq79lLLvuCs+7+SJyWMNYA=","N98ZEgNjWjzzaT+ouWl+BjRa2zV0xMmuJlp+JUyCWiQ=","vZ4v5gaQznupU4bfe+W8dQ6Ib2YIRdGk8pm1CJv+zgM=","ssbHJzfzps5iO6WnKL5Q6hMNHPOqvICU1uHVAQbi/j4=","W8nJHA2mWCXm8YEWE62mjUZn4a/SBelqt7bZCI7sAyA=","2/R192VPQ9z8CHyEYOISqhulolAT2HP93iCrGbRRn1Y=","TyZSYMCsi8We0ddCvs1qWfTBS0zYQYjdZgI2vj/oIyc=","Qx+++tgXyU9uN9siJFLRr5572vFlpW3Wff14hH1QEKo=","svXd01oa2Za4p1L0DMv7exHHpZGGdUF2I3xsR7VTHQk=","BciRL/d6C5/ubK+5aTd5C5laRhhD70ykxmum1hrKo7A=","EU3qJPjyzkgN50em+RkpOGGkBkT1l/7f4DJ5L9pbEF0=","tJmBvncObgQ/X8EeFosf9oypl+YKEBjXYh0freSoWnc=","vYhFgrlTbZ8v65s/HSnzwm5Kx6kTn5ZZjeR7jYuK7rQ=","o0DbJXP0l8iYX8lUz6mBDAnHZuxfxwEq66AmH44Oy4k=","9VaGinB1shjB/VExOit20SjSfMfLiTQjZvb7vd6ofnE=","Dm9hQ61QL2Vz8+UZAYJeR+kyTysq4z5q0zELUK4D7Dk=","ZALIcy+Can5UjfVAKcUW/gCZsOm3FPKD2JdwTSlJcXE=","IxMMeE25+g6EPa0P0mPnf1OoteEatLdxkHWuPBnEOZQ=","lpuD5paMf9LoH0aG5SZHDGrBfY1GuSNS8T7Ph21ApQE=","dFjR++ZFpLQV1QXknhaksgUNX9oEWzD8RrtMkxkZ/A0=","4xaxePsXnrOtwfT2gbAjq6dMHMmhsKLxiouuLviAX5s=","7F4MuF/cS48ot/ohtVuLpNHJ/hZiV6AD15Uq6gbzjW8=","vNRF8510KpmUdBXyyH2WLfuHVef0+vs0MAaAfsoIjaw=","+C18Q4XSPdSZU/NiF0HfUvnATpADaRDpvtEg7OmnDC4=","SQ+pOb+EaEq9fOGMm4KvTYZ/qmpG7m8m1zvvkiExklI=","4r+Ien9+29tAGzhU9EhjI2bb5V3XbFH38XqwH34C9r8=","P2cQ4KtNmKh/NGcB/q6gLoC2MN2Cm3P6zpma0NdRQVU=","tBSpPPXHD+1U7WBFvOJ1NQ6w+tL5aw1LXvrA7Px87/k=","vON51a/FbUN+W0KnfYbAicwGyyScZG8LByFcOnrBtbM=","rwKGdM1CA3RAS5v7YyfdUgKxfUk5JhTIGnqwyK5Ovxk=","9XD6bwZMZiaEKejSTkB6E6AqPvuXQOWu33C7OnO84k0=","FNrQZoiI8bb1ybJOdYH3qP2cBov57o7PB+TB6DY5vXA=","3HWMJRFPF4M9Sd5b8Qixy6XXAtQyLuVcIlNvqcOjvoQ=","sU0svBc1GHfYPtiNDU4A+rbvIfkF8MK0jE+TqWp3zCE=","i5L74Q6uNNgjFtS2gymZ+seSvYo/5Ko2vmBGy+wtLSw=","Ii8dZXWb8q/mkG2wKkdxNB93Y8kd56vGT9+uKucV+Os=","8BcnE/zv5AVRKX/hIzYu/vtmAnhhwPYarx8vRO5ie8E=","RuCLijY6kbQ/JYSahnN0ndumCSrymW5hReX+1/iA19w=","AwcKXq9ybeX8d8vLC2WmkM/4Ir9+0q3fgGJJ+o5EEpY=","mvf6LXNd+xaye2tC9iNQj/WWL62c8IQc399fl7tFG3c=","qLw4sciantSFvq8wPPwFsza8GOkRUSJCw0dZhDE7aAA=","8D69H0+K2r57tf0vH8fJaCCa4wjEwbkhps+GgFjwyB0=","ZujHNVSNGWj4vKu0rmNq0Y+idlwpRIhX89GLoGmYh/s=","azizy3r+ZcAMVxrCEz612jqCvwgQLaCdPKTo6NQnQUs=","VmXJrUd1smj0UOAdIXzCdUS4EpEP+nSZu+ITwZH2liA=","BlDxqY5UQ94C4l0cwpIqsn8DaDOEYQkcQvQZjzl6YM8=","xpsxdIMdA5UmIz3LAaG6PRDKEb6vxG9G1XV5VCXepfM=","o7ML+O39dSoU6HAD9F1WaWXxmYedC4C49skGnZwy0qk=","NYeiWw4dKcfGEzy1/whvfHToN0KFPPngGsIfZAlK3Uw=","4hxIkFaepRJPaHDJuWjbp6w6LMK4+/Bj35Awof/Hi8s=","mcSXR+awgBgtn2P2ph34YS8UZqRr7EB6uBZz7jJ0Xz8=","rNpov6cBU0YdGf/WxJZjxDhbK3j70+C96Bnf4Qyseiw=","9DLXz1DpRLVPj0uZuNFtY5CEY4zIa1Ptu3MkeagqY9Q=","ZZykQCx3Pg1c+EThXYDIKQ9TyJcfo+sHdjow02QBC9Q=","L7pKSLz47LVGa2vgJzxjdu47BtVkp13ZvE8fPWWaCyU=","yxy1d9UxpKqLh0T0DcObeLKLiTac/W0DdDwL+68bHRw=","WlxPFd8t+z1dYhRnqq8zXaZI1lLCtGwaHJHR9o9TFig=","Xp14ezJDz2fzfbvAlQUSF1WWVgifKWleodMUH82/QEc=","2cS9C5MpiWknmJss5V6pOn7KM4lHmxytT0LQ5/DUaOk=","+yowdCYkpa7vj7khSFvDOfb9oMhUfR/p5+Vh9sNfosw=","dY1QoVXBUH2BBw9mvqYoAvPfm2TjXs4iSCt6cJIZSHU=","JtzfXjcH92wR3voqz/7mVnaTTar3nHbW2NqND7ixgyg=","MAGK6gCjDcoPJlSlW88YJA6sqD43B64xSobTeRvQOpw=","O//qsMfSs/C+imFo38CuCbAtG3VFikUAeMUe04J1PYQ=","HAHL3pHcWCNLpxw4RBDUDTz7MOiBpgy8TQDewdCRbS4=","wcY2WKgIqEOfO8mpZjyyAwwBqLRFNLGMkTeTVkTvEjQ=","M4gTM7YbB6tA9YBKfkqBnwNdTTN+97rfJJ41Gw3QPbo=","GL7FxGJWYFlTXDUhfnaFD4rlVb7U+w3aGcl0W4Oj99I=","HpR4P/doqkoKf338bUANhL96N3XD7BT+aJ5cK7whtzE=","vP9+3D9MWsUU4F8C/JVXzqAzacRVvMpTSqjSjchIAgs=","1hO97XHDAKCr/ONMC/DbgST4sAtdkS7YAy+zFywznBw=","JWjhINDEGNDLyCQ52u8hIjuU7VxfWQX/V8aMfzIJ4e0=","Yj6tI8LtG3+RHY7pwSsK0Dn7uRLFl//oQLYIdmMWnhk=","oGi4sgRKdyQZKBaARrk9XPhsOQRu0IabqpvNOhsVdOQ=","unGCtVsf3wLHta0Bgl+XCgL7NkIvK0R/ebV1zGFoDjQ=","80XwJzZfvxU5IhExO9LngW4BHFahQHV2L1wJFKraAkU=","ioPSYpXMmed28Nem1Uegqi2NvpV4MjDLdhhVKMaXlkc=","kNfb758ZvGrYPaNAVUeVhB4SjSfhPRAfdAAEydXaQqQ=","+XDH4qLWAVTduOQNt+nmRowt81LYThzNJnWTvJKaAjs=","FM3vbHLJpkaqXXhVi1DNLpndeBJTEjc1anziuxtwrAw=","S15nKNgUyHaQ2ogyOedamcqZntRPnbiPGjp8HPzsaXU=","7jQ4AJ3ImeWEC6KQX/wvdvvkCrFjV0TDUqtHAbpYGto=","cMkHUUsWeKqxZMVcuK9rnOJuxUibFh12Kf5Qj1mxNZ8=","tUJTmTfpH7L4nX3rH/ZN2IUWo/djJQcEnWOv1LolI/s=","m30U11hf3OSjdOYdIsgdcdDbOEBps8gFHN7Rp3kykOA=","wQcFnP/cqSaIS85asyqtguK0IoGcFpUETbkUkogRENU=","JZcJ5oFIRB9R1MsCqJhT7Dna8vMqexSxlRhhvnuAu0Y=","RksPNj65XBpjq6zkmo7WX5BfWSXRAisbEMqICMuuYQw=","2JQVFtUv/hUWzKelA5VnfFl7slRgJpwegtw/VT4VlMY=","mKWf1P/MmZFN/GPRfH/NL+T1IN8NQCf2XvfZC+p9t2k=","BIXc/AyDkTWAZaT2aPIrbHYkVoF1u4Smf4bge6Yl6zA=","qL9EmtCLrLErlb+bdORdSrc8e49JkVHTozQU6HvE1FA=","AloEZn26fIRe6dsZ5pZ/pJxrn5HuHIgt+HWHVsUvboA=","3/2pGw5DQjZaads53zp8xMFKgDENWpQVJ2grM+2qdQ8=","YqbUc2KSdXV11jNgIBVN3ETfqzSUlfmTx86rEVyy/ms=","I8+3xNnSmtLY0V1M+Gg2U8vJLEAy2RVANY3B2pwTeCw=","woJUdHez5v9oC0odrvwQ9xQOfSMVLqmW63b+VK4LZgI=","zd+pj1NhnCuWkyOBlwvNN/p2XaBiGWp8tFFZ4i9d7CQ=","2t0z6csHih350ccXDA4gJvwXyIvSI5EYaEPZI4plJ/c=","SRrvXy4iRkaR3DV9CcH4BCC+nE5AkCnx/FBbYC4dXaI=","SFCc0rPMbOMPg9LWyWP+ddZfV9lB2kQMSwy7x/95cFA=","Hp3ZxcqDVusg37RLv1cSar7mSEnmuX7RDME/m8ocP1U=","uYxAYd6hIdCvvt98cMWNBqVDApk+aLOidOUTY7nC0zQ=","XiV+8nUaRDfuXAlGj4X5KNS+QGkp+VaVpd2IcGdmHKs=","YQIDZ7i4JWVi3GBjEgXnD6Jpjag/SRA9AkcKnbg4s9Q=","Z4pxfo3bGXCp0jwGWlyrCkQpF+UEOC8ePpXlmdxnkLc=","YzxtGEOvaZKnaN+LZXOqkPRq8CHq5yPNrLqq0/djBH8=","ZajUr9UHMiCyoFVWjkMhnf5HbywrIo7uj2LO6vCIk3Q=","MifHVmIj6CswJQybmLVidJjgvaDDCDUxCX+3g18SiGE=","BHzVwARonh+Nc1I0qtczhR1O7InZmaaWwce8JAjM8sY=","mRR3PLjtbwNL8fBzXtx05RauP9EEVTjQCdp8rki1ZTQ=","dSQjZ9u+d7pgSSn3jlErY+A+nPV+YSAf/HjmQwdG/IE=","rARjzahwDIac2D0TdB/vHVmSSYcpAoCp3b8/Qm+hfEU=","Ti9VoCATlAxtlob5vV3xWMCS1vv4CXKyUXsrCdHFrPs=","hWG5hTgUZu8rWzoRnAWq/kyYe6N861QJM28SrgK4zow=","VC5XVgecEpPIXA9/mFSCEGM+wa/pW+OQwprG8E/molE=","oEL+vaySn2cb0vGkD5UhmKwGu16IlE9CUjkLmgU6GiI=","lDHqoOY4H+MHtEMvH9aIG2K7i280ls1Xnap8LfHpXwE=","erd+TuyjEQOm+di7GY6EbneBf+ZP+04e71NqOEwofbk=","2S/RCMQYwEM1JOY5TelTHxqxs2GBV9j0XE3kH90y86M=","MobplsB2eBtPk60ENFGQiRERSmBDseBhc9ARr9TF9tU=","HFuwEyEZOLDQKRxhkTIx8vMigqm6Qvu4OIwlxNyIhks=","ALqoUNukCbnNwldT37+ogKx/CwmQMEH8eI0wlni9amQ=","pc6KPf0XOfw5sBbP1osJv8zoAukbhxAHtuRRp68+QG8=","GMcGWptudtc4P+CSAA3/2v8NtKtUSlm6eXUUVIh6S70=","v8CI82AIm1YapiU6Y/IGgK1mVLGg7mnaibrfZsitezQ=","5sRwkDyl0BmmqWD3upNii04ppP6b5A5UuAl6sPU9j5o=","LcCZzLpOXs22aHAyEVAcLJljSHQ1nNnuXdylFniIOi8="],"block_size":4096,"path":"vendor/eslint/eslint.js"},{"block_hashes":["24Py7eZ/Ns+rHqByHqLul1FYY+mmU0aIHzBeQwRRzJE="],"block_size":4096,"path":"vendor/eslint/LICENSE"},{"block_hashes":["2OzJE67HFmwKeSveACqyqI85jVeUevEponAq57C3W1c=","cpmV/g1CsDvU72A9MeuWSsBhJercKess4+mR6b6bDJY=","WC92NkuDlol9GW6eRCWqmf8s62PaxpymwuzpvkeufiQ="],"block_size":4096,"path":"vendor/jsdiff/diff.js"},{"block_hashes":["gmH+hZuy4YrSQjfRZ3s0a1tS52A/XAqxNMkV0S1UsB4="],"block_size":4096,"path":"vendor/saveas/filesaver.js"},{"block_hashes":["rN/SSo5akzBVMmsjWwhhH3WbpOIA1CpFWluN/TZ2sec="],"block_size":4096,"path":"vendor/saveas/LICENSE.md"}],"version":2}